path	baseline_sha256	source_sha256	i1_output_sha256	final_sha256	i1_origin	final_progression	changed_from_i0_baseline	allowed_candidate
.agents/plugins/README.md	8cab23501dc459f8241ce23b011cc44f11d4866469ac628bdf1a5b99e50497ba	8cab23501dc459f8241ce23b011cc44f11d4866469ac628bdf1a5b99e50497ba	8cab23501dc459f8241ce23b011cc44f11d4866469ac628bdf1a5b99e50497ba	8cab23501dc459f8241ce23b011cc44f11d4866469ac628bdf1a5b99e50497ba	I0_UNCHANGED	UNCHANGED_FROM_I0_BASELINE	no	no
.agents/plugins/installation-verification.json	e15c208d2b23a808c13c345afb05532851eb29ddbcd98875df50cd5661b58c97	e15c208d2b23a808c13c345afb05532851eb29ddbcd98875df50cd5661b58c97	e15c208d2b23a808c13c345afb05532851eb29ddbcd98875df50cd5661b58c97	e15c208d2b23a808c13c345afb05532851eb29ddbcd98875df50cd5661b58c97	I0_UNCHANGED	UNCHANGED_FROM_I0_BASELINE	no	no
.agents/plugins/marketplace.json	862be98cdfc26d7cdddda1532e453bcc51e3eef698414494b5a0110b9a40a574	862be98cdfc26d7cdddda1532e453bcc51e3eef698414494b5a0110b9a40a574	862be98cdfc26d7cdddda1532e453bcc51e3eef698414494b5a0110b9a40a574	862be98cdfc26d7cdddda1532e453bcc51e3eef698414494b5a0110b9a40a574	I0_UNCHANGED	UNCHANGED_FROM_I0_BASELINE	no	no
.gitattributes	7d6ee01d11a84b151fdf96e796df90f82750e807feaabae1c47b9da7795206f0	7d6ee01d11a84b151fdf96e796df90f82750e807feaabae1c47b9da7795206f0	7d6ee01d11a84b151fdf96e796df90f82750e807feaabae1c47b9da7795206f0	7d6ee01d11a84b151fdf96e796df90f82750e807feaabae1c47b9da7795206f0	I0_UNCHANGED	UNCHANGED_FROM_I0_BASELINE	no	no
.gitignore	e745ec2836cf45b110bac5ceba73c02434131044f7c8d5d41f441066a1c604ff	e745ec2836cf45b110bac5ceba73c02434131044f7c8d5d41f441066a1c604ff	e745ec2836cf45b110bac5ceba73c02434131044f7c8d5d41f441066a1c604ff	e745ec2836cf45b110bac5ceba73c02434131044f7c8d5d41f441066a1c604ff	I0_UNCHANGED	UNCHANGED_FROM_I0_BASELINE	no	no
AGENTS.md	08f88cf5942d09492ff204f9cb6aa9c4d1e1a7d0b684811563d2e45b2531042c	e822a4514fcc03418fe98f4974fdb7f70147d38ee815d92590ec6802d3af39fa	105cf001742480b9f8bc02776675d3baf692c578428d7018191d8f00604bab87	105cf001742480b9f8bc02776675d3baf692c578428d7018191d8f00604bab87	APPLIED_ADJUDICATED	ASTRA_ADJUDICATED_I1_UNCHANGED	yes	yes
CONTEXT.md	e07e3dce5403c3113ef46b05820c040de44458bf2c4006dad03aeefc9c8bf6f4	e07e3dce5403c3113ef46b05820c040de44458bf2c4006dad03aeefc9c8bf6f4	e07e3dce5403c3113ef46b05820c040de44458bf2c4006dad03aeefc9c8bf6f4	e07e3dce5403c3113ef46b05820c040de44458bf2c4006dad03aeefc9c8bf6f4	I0_UNCHANGED	UNCHANGED_FROM_I0_BASELINE	no	no
README.md	adc49c1fbbab6ad268df73dd3fccdd45067612bd7f95ffed202b1f9cb49ae4b6	6555f93652ee6abcfded16fbdb1ab1e6a82cb613797b104bc6da495695c05c50	a2dd7a3de5fa63f1e1291c98be0c19b5b4b6b5baf0828349a425acf807e6d4a0	fb25f5ec00fefa9090d27f1dcd9de3aa6ce60a7bdb00a47607341c2109a33226	APPLIED_ADJUDICATED	ASTRA_ADJUDICATED_FINAL_REVIEW_STATUS	yes	yes
cmd/repomesh-coordinator/main.go	f22e5cbdc33fbdb7d12adcf5db04cffc5d1ef54c79888893af35eb5d38b8d284	f22e5cbdc33fbdb7d12adcf5db04cffc5d1ef54c79888893af35eb5d38b8d284	f22e5cbdc33fbdb7d12adcf5db04cffc5d1ef54c79888893af35eb5d38b8d284	f22e5cbdc33fbdb7d12adcf5db04cffc5d1ef54c79888893af35eb5d38b8d284	I0_UNCHANGED	UNCHANGED_FROM_I0_BASELINE	no	no
cmd/repomesh-host-executor/main.go	4d4e1e595c4c39f15b55f5ddd641d17e689284ef5b8cd46a094acac377b27479	4d4e1e595c4c39f15b55f5ddd641d17e689284ef5b8cd46a094acac377b27479	4d4e1e595c4c39f15b55f5ddd641d17e689284ef5b8cd46a094acac377b27479	4d4e1e595c4c39f15b55f5ddd641d17e689284ef5b8cd46a094acac377b27479	I0_UNCHANGED	UNCHANGED_FROM_I0_BASELINE	no	no
cmd/repomesh-web/main.go	012e3a33ed2bc26a56e39dd0a5699f868efe131469c1ab60540d1e13b95a2783	11612bc8b6e272e5b962fa2558c0691716684c906e328d9cff7de960e3774421	11612bc8b6e272e5b962fa2558c0691716684c906e328d9cff7de960e3774421	11612bc8b6e272e5b962fa2558c0691716684c906e328d9cff7de960e3774421	APPLIED_SOURCE_EXACT	SOURCE_EXACT_UNCHANGED_AFTER_I1	yes	yes
cmd/repomesh-web/main_test.go	67bd62cca72e09513e976983531bd50b71a951c8fb3663ddb93cfdf01f30a374	67bd62cca72e09513e976983531bd50b71a951c8fb3663ddb93cfdf01f30a374	67bd62cca72e09513e976983531bd50b71a951c8fb3663ddb93cfdf01f30a374	67bd62cca72e09513e976983531bd50b71a951c8fb3663ddb93cfdf01f30a374	I0_UNCHANGED	UNCHANGED_FROM_I0_BASELINE	no	no
configs/auth.example.json	ef6a9db98df41982242d628404af6d8dc48c1024a10abd41e5cb03f0f0d9d451	ef6a9db98df41982242d628404af6d8dc48c1024a10abd41e5cb03f0f0d9d451	ef6a9db98df41982242d628404af6d8dc48c1024a10abd41e5cb03f0f0d9d451	ef6a9db98df41982242d628404af6d8dc48c1024a10abd41e5cb03f0f0d9d451	I0_UNCHANGED	UNCHANGED_FROM_I0_BASELINE	no	no
configs/repomesh.env.example	a251a2ec36230d4428e3838008b1427b24e43a4b774ba8643fe3dd7461982a0c	a251a2ec36230d4428e3838008b1427b24e43a4b774ba8643fe3dd7461982a0c	a251a2ec36230d4428e3838008b1427b24e43a4b774ba8643fe3dd7461982a0c	a251a2ec36230d4428e3838008b1427b24e43a4b774ba8643fe3dd7461982a0c	I0_UNCHANGED	UNCHANGED_FROM_I0_BASELINE	no	no
docs/README.md	96d224789bb6f3090ffd3ed64a5798172e6bd9e3c581deded5fbce3ed1482680	96d224789bb6f3090ffd3ed64a5798172e6bd9e3c581deded5fbce3ed1482680	96d224789bb6f3090ffd3ed64a5798172e6bd9e3c581deded5fbce3ed1482680	96d224789bb6f3090ffd3ed64a5798172e6bd9e3c581deded5fbce3ed1482680	I0_UNCHANGED	UNCHANGED_FROM_I0_BASELINE	no	no
docs/adr/0001-agentteams-issue-concurrency-and-isolation.md	85f50fa7cc1fd6f84b7d4879aa7bfd696a13861b7e2f345338b0df4ea5af6e6b	85f50fa7cc1fd6f84b7d4879aa7bfd696a13861b7e2f345338b0df4ea5af6e6b	85f50fa7cc1fd6f84b7d4879aa7bfd696a13861b7e2f345338b0df4ea5af6e6b	85f50fa7cc1fd6f84b7d4879aa7bfd696a13861b7e2f345338b0df4ea5af6e6b	I0_UNCHANGED	UNCHANGED_FROM_I0_BASELINE	no	no
docs/adr/0002-github-app-authorization-and-draft-pr-delivery.md	be144e7f402238e32b74ed176d289bd0d2f552814eef1f08d3d7352d046ba698	be144e7f402238e32b74ed176d289bd0d2f552814eef1f08d3d7352d046ba698	be144e7f402238e32b74ed176d289bd0d2f552814eef1f08d3d7352d046ba698	be144e7f402238e32b74ed176d289bd0d2f552814eef1f08d3d7352d046ba698	I0_UNCHANGED	UNCHANGED_FROM_I0_BASELINE	no	no
docs/adr/0003-plan-change-authorization-and-activation.md	73d990681870f8430aa6b15a8ae68562eb4bdfa6a938b57b2edea07693e95cb2	73d990681870f8430aa6b15a8ae68562eb4bdfa6a938b57b2edea07693e95cb2	73d990681870f8430aa6b15a8ae68562eb4bdfa6a938b57b2edea07693e95cb2	73d990681870f8430aa6b15a8ae68562eb4bdfa6a938b57b2edea07693e95cb2	I0_UNCHANGED	UNCHANGED_FROM_I0_BASELINE	no	no
docs/adr/0004-acceptance-rule-clarification.md	b457b8f01191f7145bf8a28592b34f55a6ae4ab092aac33d95c12065d9bb4a65	b457b8f01191f7145bf8a28592b34f55a6ae4ab092aac33d95c12065d9bb4a65	b457b8f01191f7145bf8a28592b34f55a6ae4ab092aac33d95c12065d9bb4a65	b457b8f01191f7145bf8a28592b34f55a6ae4ab092aac33d95c12065d9bb4a65	I0_UNCHANGED	UNCHANGED_FROM_I0_BASELINE	no	no
docs/adr/0005-optional-project-verification-group.md	99f05c258b935ff075ac10ff368be2ca8262f2c2052cd816ff7dd2382e12abe5	99f05c258b935ff075ac10ff368be2ca8262f2c2052cd816ff7dd2382e12abe5	99f05c258b935ff075ac10ff368be2ca8262f2c2052cd816ff7dd2382e12abe5	99f05c258b935ff075ac10ff368be2ca8262f2c2052cd816ff7dd2382e12abe5	I0_UNCHANGED	UNCHANGED_FROM_I0_BASELINE	no	no
docs/adr/0006-manager-entry-modes-and-skill-driven-execution.md	231140c9c750cbb6c2fd6b7e9b1f0c4ab72247d16de505e94f885859c6adfef0	231140c9c750cbb6c2fd6b7e9b1f0c4ab72247d16de505e94f885859c6adfef0	231140c9c750cbb6c2fd6b7e9b1f0c4ab72247d16de505e94f885859c6adfef0	231140c9c750cbb6c2fd6b7e9b1f0c4ab72247d16de505e94f885859c6adfef0	I0_UNCHANGED	UNCHANGED_FROM_I0_BASELINE	no	no
docs/adr/0007-graph-loop-plugin.md	0427ab6ff06b5b667c8190468946314e2887ca481351db90316370ccfb899445	0427ab6ff06b5b667c8190468946314e2887ca481351db90316370ccfb899445	0427ab6ff06b5b667c8190468946314e2887ca481351db90316370ccfb899445	0427ab6ff06b5b667c8190468946314e2887ca481351db90316370ccfb899445	I0_UNCHANGED	UNCHANGED_FROM_I0_BASELINE	no	no
docs/adr/0008-changeset-attribution-and-history.md	df252cb67899ca972216766bb619d9ea09c105ab7ad474ac149ff6ecc7fc9482	df252cb67899ca972216766bb619d9ea09c105ab7ad474ac149ff6ecc7fc9482	df252cb67899ca972216766bb619d9ea09c105ab7ad474ac149ff6ecc7fc9482	df252cb67899ca972216766bb619d9ea09c105ab7ad474ac149ff6ecc7fc9482	I0_UNCHANGED	UNCHANGED_FROM_I0_BASELINE	no	no
docs/adr/0009-skill-engineering-deferred.md	2254de15b2564aceec81f93f1e88876ac4203b79b1d867c8e223ce75864dc322	2254de15b2564aceec81f93f1e88876ac4203b79b1d867c8e223ce75864dc322	2254de15b2564aceec81f93f1e88876ac4203b79b1d867c8e223ce75864dc322	2254de15b2564aceec81f93f1e88876ac4203b79b1d867c8e223ce75864dc322	I0_UNCHANGED	UNCHANGED_FROM_I0_BASELINE	no	no
docs/adr/0010-technology-stack-and-modular-monolith.md	aba9cb57b4020280cb84b1db67e5e0d7129b2e33532e5b13804585822d563c46	aba9cb57b4020280cb84b1db67e5e0d7129b2e33532e5b13804585822d563c46	aba9cb57b4020280cb84b1db67e5e0d7129b2e33532e5b13804585822d563c46	aba9cb57b4020280cb84b1db67e5e0d7129b2e33532e5b13804585822d563c46	I0_UNCHANGED	UNCHANGED_FROM_I0_BASELINE	no	no
docs/adr/0011-agentteams-controlled-integration.md	8ea03f2e3d44a81f7d26a44b768be8e862f104c80a01058656d8b9a955490d5e	8ea03f2e3d44a81f7d26a44b768be8e862f104c80a01058656d8b9a955490d5e	8ea03f2e3d44a81f7d26a44b768be8e862f104c80a01058656d8b9a955490d5e	8ea03f2e3d44a81f7d26a44b768be8e862f104c80a01058656d8b9a955490d5e	I0_UNCHANGED	UNCHANGED_FROM_I0_BASELINE	no	no
docs/adr/0012-issue-scoped-upstream-projects.md	a06d3a9535ac4581cf49493b34205ddfc6444ad0d3445530961d5feb8d0ab610	a06d3a9535ac4581cf49493b34205ddfc6444ad0d3445530961d5feb8d0ab610	a06d3a9535ac4581cf49493b34205ddfc6444ad0d3445530961d5feb8d0ab610	a06d3a9535ac4581cf49493b34205ddfc6444ad0d3445530961d5feb8d0ab610	I0_UNCHANGED	UNCHANGED_FROM_I0_BASELINE	no	no
docs/adr/0013-web-coordinator-host-executor-processes.md	46e5a2e12b0b2d3bb4d8d7540019e23da9aa32461d9cc9524b9a7d1005db8564	46e5a2e12b0b2d3bb4d8d7540019e23da9aa32461d9cc9524b9a7d1005db8564	46e5a2e12b0b2d3bb4d8d7540019e23da9aa32461d9cc9524b9a7d1005db8564	46e5a2e12b0b2d3bb4d8d7540019e23da9aa32461d9cc9524b9a7d1005db8564	I0_UNCHANGED	UNCHANGED_FROM_I0_BASELINE	no	no
docs/adr/0014-in-process-graph-plugin.md	9c0551e0dc42278d84a09ee0104f5224a890b45b0f4ea52c7e5de0c90b6d81e2	9c0551e0dc42278d84a09ee0104f5224a890b45b0f4ea52c7e5de0c90b6d81e2	9c0551e0dc42278d84a09ee0104f5224a890b45b0f4ea52c7e5de0c90b6d81e2	9c0551e0dc42278d84a09ee0104f5224a890b45b0f4ea52c7e5de0c90b6d81e2	I0_UNCHANGED	UNCHANGED_FROM_I0_BASELINE	no	no
docs/adr/0015-round-scoped-upstream-dags.md	069b7a25db17df9b0d1851e46773c07a057f1a61090c3a66ed60ab8b055d970d	069b7a25db17df9b0d1851e46773c07a057f1a61090c3a66ed60ab8b055d970d	069b7a25db17df9b0d1851e46773c07a057f1a61090c3a66ed60ab8b055d970d	069b7a25db17df9b0d1851e46773c07a057f1a61090c3a66ed60ab8b055d970d	I0_UNCHANGED	UNCHANGED_FROM_I0_BASELINE	no	no
docs/adr/0016-transactional-background-work.md	ee551ad9517abe93d73b9b6b1d395fe5a8563f6bd3abe860453bb9e7fd5e4373	ee551ad9517abe93d73b9b6b1d395fe5a8563f6bd3abe860453bb9e7fd5e4373	ee551ad9517abe93d73b9b6b1d395fe5a8563f6bd3abe860453bb9e7fd5e4373	ee551ad9517abe93d73b9b6b1d395fe5a8563f6bd3abe860453bb9e7fd5e4373	I0_UNCHANGED	UNCHANGED_FROM_I0_BASELINE	no	no
docs/adr/0017-atomic-attempt-resource-reservation.md	60d0517027f3145a94c13ebf23c5280fd85c14298d43005076ceb76654de14c6	60d0517027f3145a94c13ebf23c5280fd85c14298d43005076ceb76654de14c6	60d0517027f3145a94c13ebf23c5280fd85c14298d43005076ceb76654de14c6	60d0517027f3145a94c13ebf23c5280fd85c14298d43005076ceb76654de14c6	I0_UNCHANGED	UNCHANGED_FROM_I0_BASELINE	no	no
docs/adr/0018-provision-instance-after-first-draft.md	e2cd063a3611324031eda4397fa465613afd49f0eaba4fe37b6cc656d2618d9e	e2cd063a3611324031eda4397fa465613afd49f0eaba4fe37b6cc656d2618d9e	e2cd063a3611324031eda4397fa465613afd49f0eaba4fe37b6cc656d2618d9e	e2cd063a3611324031eda4397fa465613afd49f0eaba4fe37b6cc656d2618d9e	I0_UNCHANGED	UNCHANGED_FROM_I0_BASELINE	no	no
docs/adr/0019-conversation-issue-separation.md	25c812a8ecb9777d98c36735d8ec26299639a3185c9fd4c3aaccb8ced76f5ce4	25c812a8ecb9777d98c36735d8ec26299639a3185c9fd4c3aaccb8ced76f5ce4	25c812a8ecb9777d98c36735d8ec26299639a3185c9fd4c3aaccb8ced76f5ce4	25c812a8ecb9777d98c36735d8ec26299639a3185c9fd4c3aaccb8ced76f5ce4	I0_UNCHANGED	UNCHANGED_FROM_I0_BASELINE	no	no
docs/adr/0020-python-repository-analysis-plugin.md	1b10d03b3af14e065f7062e6d5c62d2c726b30a7bf9264a9c1bb7735bbb8bcf0	1b10d03b3af14e065f7062e6d5c62d2c726b30a7bf9264a9c1bb7735bbb8bcf0	1b10d03b3af14e065f7062e6d5c62d2c726b30a7bf9264a9c1bb7735bbb8bcf0	1b10d03b3af14e065f7062e6d5c62d2c726b30a7bf9264a9c1bb7735bbb8bcf0	I0_UNCHANGED	UNCHANGED_FROM_I0_BASELINE	no	no
docs/adr/README.md	4ab35b60788b89a4aac5ef2cba81228a097c7241d457053f30a570445e383319	4ab35b60788b89a4aac5ef2cba81228a097c7241d457053f30a570445e383319	4ab35b60788b89a4aac5ef2cba81228a097c7241d457053f30a570445e383319	4ab35b60788b89a4aac5ef2cba81228a097c7241d457053f30a570445e383319	I0_UNCHANGED	UNCHANGED_FROM_I0_BASELINE	no	no
docs/agentteams-survey-2026-09-07/agentteams-api-cli-survey-2026-09-07.md	275076313b0426e8630b48cfaf9b304d3c661037c4de60fca2cc62ffb25bf67d	275076313b0426e8630b48cfaf9b304d3c661037c4de60fca2cc62ffb25bf67d	275076313b0426e8630b48cfaf9b304d3c661037c4de60fca2cc62ffb25bf67d	275076313b0426e8630b48cfaf9b304d3c661037c4de60fca2cc62ffb25bf67d	I0_UNCHANGED	UNCHANGED_FROM_I0_BASELINE	no	no
docs/agentteams-survey-2026-09-07/agentteams-survey.html	56a8774ae5f5486b49b1cb647c334d4e9e2599afd4f7d8af3702efd84a139097	56a8774ae5f5486b49b1cb647c334d4e9e2599afd4f7d8af3702efd84a139097	56a8774ae5f5486b49b1cb647c334d4e9e2599afd4f7d8af3702efd84a139097	56a8774ae5f5486b49b1cb647c334d4e9e2599afd4f7d8af3702efd84a139097	I0_UNCHANGED	UNCHANGED_FROM_I0_BASELINE	no	no
docs/agentteams-survey-2026-09-07/agentteams-survey.md	9083d5ed90d3908291c920704e8e65f7049e0a587b616259a4843a50adcd2323	9083d5ed90d3908291c920704e8e65f7049e0a587b616259a4843a50adcd2323	9083d5ed90d3908291c920704e8e65f7049e0a587b616259a4843a50adcd2323	9083d5ed90d3908291c920704e8e65f7049e0a587b616259a4843a50adcd2323	I0_UNCHANGED	UNCHANGED_FROM_I0_BASELINE	no	no
docs/current/DEVELOPMENT-START.md	6f561d198e547a8947f2f57368698c251c24da9eb2ffba5c9225207d213fc665	3ddd1f98ff479b5ff53b43dec6acdbbe93ac571cd02197333a46db260393163e	821445b4e3d79e39ebdb5805709196a358460ec1b32dc36d319b599485d70eb6	dc5318afcdf1b5adca5777cefb20515ab96d38993a923780ffa30a3d934a8beb	APPLIED_ADJUDICATED	ASTRA_ADJUDICATED_FINAL_REVIEW_STATUS	yes	yes
docs/current/HANDOFF-BACKEND-DESIGN.md	c6671c9bbfdedafbc9b29ecfaaa22811aed55d71a0f730e794e76c38735350f4	c6671c9bbfdedafbc9b29ecfaaa22811aed55d71a0f730e794e76c38735350f4	c6671c9bbfdedafbc9b29ecfaaa22811aed55d71a0f730e794e76c38735350f4	c6671c9bbfdedafbc9b29ecfaaa22811aed55d71a0f730e794e76c38735350f4	I0_UNCHANGED	UNCHANGED_FROM_I0_BASELINE	no	no
docs/current/HANDOFF-PAGE-API-DESIGN.md	e1ceab1765460c1d67ad9ef30e407fcfd54946fd3feeac50fd90ffc8415b1d92	e1ceab1765460c1d67ad9ef30e407fcfd54946fd3feeac50fd90ffc8415b1d92	e1ceab1765460c1d67ad9ef30e407fcfd54946fd3feeac50fd90ffc8415b1d92	e1ceab1765460c1d67ad9ef30e407fcfd54946fd3feeac50fd90ffc8415b1d92	I0_UNCHANGED	UNCHANGED_FROM_I0_BASELINE	no	no
docs/current/HANDOFF.md	86e67979ff9bfe5913fd79e2995749a610ff72e46fd4e2e6b5b16344a50f0e3f	9db3351c4ef115a44dd6b84dde041fa18e2aaebd53691f6f3320030e071f8b9f	9f5034f8d7ed1661f6ae6c5748f6a5d2cacd51b2e689b0f0bf3e8c85e7f580fe	8d8fbf5f797858e412fc687cb9c018bcbc61d966ac7d0f4d79d4717bf1e85f3b	APPLIED_ADJUDICATED	ASTRA_ADJUDICATED_FINAL_REVIEW_STATUS	yes	yes
docs/current/IMPLEMENTATION-PLAN.md	de48c73d9d61c5fab4d76a3aa73803b88b02d4ab4e79e83c7b1c20cf95524f85	3976a9bf72d07cbfb93500d24f40760a1df67e8cb115a021e6b06b1f79a440b2	2921a7f452386e744baf1f3a2acdf11ac89c9e7e5eaf1ef7c5e458c032489417	cdbdb94ba5bfc023866ae1c9c777addd00497cb712fe44e2c986bd4fbf832022	APPLIED_ADJUDICATED	ASTRA_ADJUDICATED_FINAL_REVIEW_STATUS	yes	yes
docs/current/NEXT-TASK-B03-PROMPT.md	6bcdb04ae991f0848234873de135d9c7a60d057cbab0bc666d85da14c55fefa5	6bcdb04ae991f0848234873de135d9c7a60d057cbab0bc666d85da14c55fefa5	6bcdb04ae991f0848234873de135d9c7a60d057cbab0bc666d85da14c55fefa5	6bcdb04ae991f0848234873de135d9c7a60d057cbab0bc666d85da14c55fefa5	I0_UNCHANGED	UNCHANGED_FROM_I0_BASELINE	no	no
docs/current/README.md	a10931f313e82c562d24ea116eca896ca7c23404a7e41c112858b52a80f8873d	c2a131bb8b4b3c0289307507e431cc590ad96d2f179c1c170e078ab3809e7f7f	0ec72ad82c37f494acef293bd80100fa12519e66d6b76c05924c303c5aeb1295	7b47bfceac41c824bf4192d7d5267449390895a12194fac1aed73d9c69e9dc34	APPLIED_ADJUDICATED	ASTRA_ADJUDICATED_FINAL_REVIEW_STATUS	yes	yes
docs/current/agentteams-validation-plan.md	e704fb68cdfd4d14f47a1dec5847c77dde2d142e9b7075302a7efc777d676298	e704fb68cdfd4d14f47a1dec5847c77dde2d142e9b7075302a7efc777d676298	e704fb68cdfd4d14f47a1dec5847c77dde2d142e9b7075302a7efc777d676298	e704fb68cdfd4d14f47a1dec5847c77dde2d142e9b7075302a7efc777d676298	I0_UNCHANGED	UNCHANGED_FROM_I0_BASELINE	no	no
docs/current/architecture-design-v1.md	ba53e413485fd269df0529974b2cdc3d7b87a3e46c9e35ccad6f130f0c290c28	ba53e413485fd269df0529974b2cdc3d7b87a3e46c9e35ccad6f130f0c290c28	ba53e413485fd269df0529974b2cdc3d7b87a3e46c9e35ccad6f130f0c290c28	ba53e413485fd269df0529974b2cdc3d7b87a3e46c9e35ccad6f130f0c290c28	I0_UNCHANGED	UNCHANGED_FROM_I0_BASELINE	no	no
docs/current/authentication-browser-api-draft.md	154f6cc20b8b5e4c855f05c5f1e2b9db621e35b9cb4e5f3c3691b6a3b8723314	154f6cc20b8b5e4c855f05c5f1e2b9db621e35b9cb4e5f3c3691b6a3b8723314	154f6cc20b8b5e4c855f05c5f1e2b9db621e35b9cb4e5f3c3691b6a3b8723314	154f6cc20b8b5e4c855f05c5f1e2b9db621e35b9cb4e5f3c3691b6a3b8723314	I0_UNCHANGED	UNCHANGED_FROM_I0_BASELINE	no	no
docs/current/authentication-development.md	18ed03be042593ee3aa00cf85347af6d2e85e8fdea8fc41a76fe24e37da30e2c	18ed03be042593ee3aa00cf85347af6d2e85e8fdea8fc41a76fe24e37da30e2c	18ed03be042593ee3aa00cf85347af6d2e85e8fdea8fc41a76fe24e37da30e2c	18ed03be042593ee3aa00cf85347af6d2e85e8fdea8fc41a76fe24e37da30e2c	I0_UNCHANGED	UNCHANGED_FROM_I0_BASELINE	no	no
docs/current/b02-authentication-adoption.md	dca520d190f30bcb1e4e253231810158b219b531fd92cd0c9afa4ec69ddd9d20	dca520d190f30bcb1e4e253231810158b219b531fd92cd0c9afa4ec69ddd9d20	dca520d190f30bcb1e4e253231810158b219b531fd92cd0c9afa4ec69ddd9d20	dca520d190f30bcb1e4e253231810158b219b531fd92cd0c9afa4ec69ddd9d20	I0_UNCHANGED	UNCHANGED_FROM_I0_BASELINE	no	no
docs/current/b02-github-live-acceptance.md	125143bc56c47b57fee4201c71b39195efa0b08eab0bca5decaa39675775fe7a	125143bc56c47b57fee4201c71b39195efa0b08eab0bca5decaa39675775fe7a	125143bc56c47b57fee4201c71b39195efa0b08eab0bca5decaa39675775fe7a	125143bc56c47b57fee4201c71b39195efa0b08eab0bca5decaa39675775fe7a	I0_UNCHANGED	UNCHANGED_FROM_I0_BASELINE	no	no
docs/current/backend-first-batch-persistence.md	43dda965802c2a1fdf20cb13cde1e5f0034bbc3824f5f070953678ba95028330	43dda965802c2a1fdf20cb13cde1e5f0034bbc3824f5f070953678ba95028330	43dda965802c2a1fdf20cb13cde1e5f0034bbc3824f5f070953678ba95028330	43dda965802c2a1fdf20cb13cde1e5f0034bbc3824f5f070953678ba95028330	I0_UNCHANGED	UNCHANGED_FROM_I0_BASELINE	no	no
docs/current/backend-first-batch-sources-draft.md	18a76bc1e0b948e125f08b58ddea6e56686597de76e90c32034721db33dbfad2	18a76bc1e0b948e125f08b58ddea6e56686597de76e90c32034721db33dbfad2	18a76bc1e0b948e125f08b58ddea6e56686597de76e90c32034721db33dbfad2	18a76bc1e0b948e125f08b58ddea6e56686597de76e90c32034721db33dbfad2	I0_UNCHANGED	UNCHANGED_FROM_I0_BASELINE	no	no
docs/current/backend-first-development-access-draft.md	96b5c2cfb67a49a912fa302c59144e9756b0e1b2bf16d14b3cc1929cb69a08b6	96b5c2cfb67a49a912fa302c59144e9756b0e1b2bf16d14b3cc1929cb69a08b6	96b5c2cfb67a49a912fa302c59144e9756b0e1b2bf16d14b3cc1929cb69a08b6	96b5c2cfb67a49a912fa302c59144e9756b0e1b2bf16d14b3cc1929cb69a08b6	I0_UNCHANGED	UNCHANGED_FROM_I0_BASELINE	no	no
docs/current/backend-message-clarification-design.md	b7f7c7d8d5eae7ff1782948ea9ebfde78aaff3282c48f77e303aff41aeccf75d	b7f7c7d8d5eae7ff1782948ea9ebfde78aaff3282c48f77e303aff41aeccf75d	b7f7c7d8d5eae7ff1782948ea9ebfde78aaff3282c48f77e303aff41aeccf75d	b7f7c7d8d5eae7ff1782948ea9ebfde78aaff3282c48f77e303aff41aeccf75d	I0_UNCHANGED	UNCHANGED_FROM_I0_BASELINE	no	no
docs/current/backend-model-operations-draft.md	d593383e60801c8bacc029ce7b38137d2cdf87643f1b3280f9e2cd91b8924015	d593383e60801c8bacc029ce7b38137d2cdf87643f1b3280f9e2cd91b8924015	d593383e60801c8bacc029ce7b38137d2cdf87643f1b3280f9e2cd91b8924015	d593383e60801c8bacc029ce7b38137d2cdf87643f1b3280f9e2cd91b8924015	I0_UNCHANGED	UNCHANGED_FROM_I0_BASELINE	no	no
docs/current/changeset-design.md	a1e29131eb781ee9afc790e6e81d76f6a03701d246a1814e623060118988a87a	a1e29131eb781ee9afc790e6e81d76f6a03701d246a1814e623060118988a87a	a1e29131eb781ee9afc790e6e81d76f6a03701d246a1814e623060118988a87a	a1e29131eb781ee9afc790e6e81d76f6a03701d246a1814e623060118988a87a	I0_UNCHANGED	UNCHANGED_FROM_I0_BASELINE	no	no
docs/current/changeset-structure.md	d7793b3c9b62bbe02b4c60061ebab3d70393680c48d67f9e5afcf84bfcfaf3c4	d7793b3c9b62bbe02b4c60061ebab3d70393680c48d67f9e5afcf84bfcfaf3c4	d7793b3c9b62bbe02b4c60061ebab3d70393680c48d67f9e5afcf84bfcfaf3c4	d7793b3c9b62bbe02b4c60061ebab3d70393680c48d67f9e5afcf84bfcfaf3c4	I0_UNCHANGED	UNCHANGED_FROM_I0_BASELINE	no	no
docs/current/conversation-issue-separation-design.md	1cd805d7fb279a9109e7a6211bdfd5b59b3909ae41beeedef0db98dd0007b614	1cd805d7fb279a9109e7a6211bdfd5b59b3909ae41beeedef0db98dd0007b614	1cd805d7fb279a9109e7a6211bdfd5b59b3909ae41beeedef0db98dd0007b614	1cd805d7fb279a9109e7a6211bdfd5b59b3909ae41beeedef0db98dd0007b614	I0_UNCHANGED	UNCHANGED_FROM_I0_BASELINE	no	no
docs/current/conversation-message-clarification-api-contract.md	36b94930390c6b600608d04066172414e6a69c2340f6dd2679774611bd659dfc	36b94930390c6b600608d04066172414e6a69c2340f6dd2679774611bd659dfc	36b94930390c6b600608d04066172414e6a69c2340f6dd2679774611bd659dfc	36b94930390c6b600608d04066172414e6a69c2340f6dd2679774611bd659dfc	I0_UNCHANGED	UNCHANGED_FROM_I0_BASELINE	no	no
docs/current/conversation-message-target-design.md	c06982520dadd15aee8dc7ecae11c62807804ca8fd0ce30203fa7cc79cef8d1a	c06982520dadd15aee8dc7ecae11c62807804ca8fd0ce30203fa7cc79cef8d1a	c06982520dadd15aee8dc7ecae11c62807804ca8fd0ce30203fa7cc79cef8d1a	c06982520dadd15aee8dc7ecae11c62807804ca8fd0ce30203fa7cc79cef8d1a	I0_UNCHANGED	UNCHANGED_FROM_I0_BASELINE	no	no
docs/current/database-development.md	0ddcde88ae360eea5231489c57c2e18783b29302ca0b9995afb7ccefc5b1fd76	0ddcde88ae360eea5231489c57c2e18783b29302ca0b9995afb7ccefc5b1fd76	0ddcde88ae360eea5231489c57c2e18783b29302ca0b9995afb7ccefc5b1fd76	0ddcde88ae360eea5231489c57c2e18783b29302ca0b9995afb7ccefc5b1fd76	I0_UNCHANGED	UNCHANGED_FROM_I0_BASELINE	no	no
docs/current/design-delegation.md	ee693e15151fb496a3db3cd15283028517d18fbfb0af391a7c3f63813e5d6da7	ee693e15151fb496a3db3cd15283028517d18fbfb0af391a7c3f63813e5d6da7	ee693e15151fb496a3db3cd15283028517d18fbfb0af391a7c3f63813e5d6da7	ee693e15151fb496a3db3cd15283028517d18fbfb0af391a7c3f63813e5d6da7	I0_UNCHANGED	UNCHANGED_FROM_I0_BASELINE	no	no
docs/current/design-readiness-revisions.md	f2d6966f0fc551650078c4878adec55c3bc7e77d2260dab751da621652abb828	f2d6966f0fc551650078c4878adec55c3bc7e77d2260dab751da621652abb828	f2d6966f0fc551650078c4878adec55c3bc7e77d2260dab751da621652abb828	f2d6966f0fc551650078c4878adec55c3bc7e77d2260dab751da621652abb828	I0_UNCHANGED	UNCHANGED_FROM_I0_BASELINE	no	no
docs/current/development-scaffold.md	03425566bf94dca6987f070dc821e219336ff5c07f905f3be9fade34c9a74e44	03425566bf94dca6987f070dc821e219336ff5c07f905f3be9fade34c9a74e44	03425566bf94dca6987f070dc821e219336ff5c07f905f3be9fade34c9a74e44	03425566bf94dca6987f070dc821e219336ff5c07f905f3be9fade34c9a74e44	I0_UNCHANGED	UNCHANGED_FROM_I0_BASELINE	no	no
docs/current/draft-conversation-backend-design.md	3c20d52262d81b79898b7ab78d9b917b06c259d5cd7dcdb8a90e2c4d4e5c54e1	3c20d52262d81b79898b7ab78d9b917b06c259d5cd7dcdb8a90e2c4d4e5c54e1	3c20d52262d81b79898b7ab78d9b917b06c259d5cd7dcdb8a90e2c4d4e5c54e1	3c20d52262d81b79898b7ab78d9b917b06c259d5cd7dcdb8a90e2c4d4e5c54e1	I0_UNCHANGED	UNCHANGED_FROM_I0_BASELINE	no	no
docs/current/draft-pr-review-design.md	93593dfa9d946bbf086995880fbc058370a9fb3174928271edbf58fd1ce44305	93593dfa9d946bbf086995880fbc058370a9fb3174928271edbf58fd1ce44305	93593dfa9d946bbf086995880fbc058370a9fb3174928271edbf58fd1ce44305	93593dfa9d946bbf086995880fbc058370a9fb3174928271edbf58fd1ce44305	I0_UNCHANGED	UNCHANGED_FROM_I0_BASELINE	no	no
docs/current/execution-integration-gates.md	35c9b965865df15840b829bf134e3dcbe63df7972f11a62130d3ecfd963ac8ef	35c9b965865df15840b829bf134e3dcbe63df7972f11a62130d3ecfd963ac8ef	35c9b965865df15840b829bf134e3dcbe63df7972f11a62130d3ecfd963ac8ef	35c9b965865df15840b829bf134e3dcbe63df7972f11a62130d3ecfd963ac8ef	I0_UNCHANGED	UNCHANGED_FROM_I0_BASELINE	no	no
docs/current/first-batch-browser-api-contract.md	b9ec57a1e6f002b69e428c9865ef2db2fbd5bf1b327075095e002dbab1bbb353	b9ec57a1e6f002b69e428c9865ef2db2fbd5bf1b327075095e002dbab1bbb353	b9ec57a1e6f002b69e428c9865ef2db2fbd5bf1b327075095e002dbab1bbb353	b9ec57a1e6f002b69e428c9865ef2db2fbd5bf1b327075095e002dbab1bbb353	I0_UNCHANGED	UNCHANGED_FROM_I0_BASELINE	no	no
docs/current/first-batch-complete-review.md	c86ea4db81d52c33a98dae2374b7faedefeef2b22b1584673f1479f9e801c429	c86ea4db81d52c33a98dae2374b7faedefeef2b22b1584673f1479f9e801c429	c86ea4db81d52c33a98dae2374b7faedefeef2b22b1584673f1479f9e801c429	c86ea4db81d52c33a98dae2374b7faedefeef2b22b1584673f1479f9e801c429	I0_UNCHANGED	UNCHANGED_FROM_I0_BASELINE	no	no
docs/current/first-batch-recovery-design.md	03df3a666dc78c08208ff594fe9ab55bef7abb69082d76940cea841a8103c6dd	03df3a666dc78c08208ff594fe9ab55bef7abb69082d76940cea841a8103c6dd	03df3a666dc78c08208ff594fe9ab55bef7abb69082d76940cea841a8103c6dd	03df3a666dc78c08208ff594fe9ab55bef7abb69082d76940cea841a8103c6dd	I0_UNCHANGED	UNCHANGED_FROM_I0_BASELINE	no	no
docs/current/graph-loop-design.md	4a397ae63edaf928d945c972b44d14b6abea44ddc1f6d2bf3e81cc8076cc77cf	4a397ae63edaf928d945c972b44d14b6abea44ddc1f6d2bf3e81cc8076cc77cf	4a397ae63edaf928d945c972b44d14b6abea44ddc1f6d2bf3e81cc8076cc77cf	4a397ae63edaf928d945c972b44d14b6abea44ddc1f6d2bf3e81cc8076cc77cf	I0_UNCHANGED	UNCHANGED_FROM_I0_BASELINE	no	no
docs/current/integration-environment-design.md	9d193a3862d6774f817e0a1b1bd2922f2954f94c24d95bb51326a42ba8210cde	9d193a3862d6774f817e0a1b1bd2922f2954f94c24d95bb51326a42ba8210cde	9d193a3862d6774f817e0a1b1bd2922f2954f94c24d95bb51326a42ba8210cde	9d193a3862d6774f817e0a1b1bd2922f2954f94c24d95bb51326a42ba8210cde	I0_UNCHANGED	UNCHANGED_FROM_I0_BASELINE	no	no
docs/current/issue-configuration-binding-design.md	c79c4c6317fc1d658a80091048805881c1c57a3851edeab3ca7811369b2b5346	c79c4c6317fc1d658a80091048805881c1c57a3851edeab3ca7811369b2b5346	c79c4c6317fc1d658a80091048805881c1c57a3851edeab3ca7811369b2b5346	c79c4c6317fc1d658a80091048805881c1c57a3851edeab3ca7811369b2b5346	I0_UNCHANGED	UNCHANGED_FROM_I0_BASELINE	no	no
docs/current/issue-creation-repository-analysis.md	a17475341204d4a491f34f83c347ab994989fe925c0e13754543be460c8862f3	a17475341204d4a491f34f83c347ab994989fe925c0e13754543be460c8862f3	a17475341204d4a491f34f83c347ab994989fe925c0e13754543be460c8862f3	a17475341204d4a491f34f83c347ab994989fe925c0e13754543be460c8862f3	I0_UNCHANGED	UNCHANGED_FROM_I0_BASELINE	no	no
docs/current/issue-overview-minimal-design.md	1b9842b2131f1ed31dfae4c994d32442b2923cdecabfd3e7c4f04afaafbb164d	1b9842b2131f1ed31dfae4c994d32442b2923cdecabfd3e7c4f04afaafbb164d	1b9842b2131f1ed31dfae4c994d32442b2923cdecabfd3e7c4f04afaafbb164d	1b9842b2131f1ed31dfae4c994d32442b2923cdecabfd3e7c4f04afaafbb164d	I0_UNCHANGED	UNCHANGED_FROM_I0_BASELINE	no	no
docs/current/issue-page-create-api-contract.md	0c2b76edb481319cf8080b83587b0b8fe03132ba4256ab9b3a228f259a7504bc	0c2b76edb481319cf8080b83587b0b8fe03132ba4256ab9b3a228f259a7504bc	0c2b76edb481319cf8080b83587b0b8fe03132ba4256ab9b3a228f259a7504bc	0c2b76edb481319cf8080b83587b0b8fe03132ba4256ab9b3a228f259a7504bc	I0_UNCHANGED	UNCHANGED_FROM_I0_BASELINE	no	no
docs/current/login-recovery-page-design.md	85f816ad8830711d981a3e9b90054793a1a91f9d3c1293da88542a591f513d04	85f816ad8830711d981a3e9b90054793a1a91f9d3c1293da88542a591f513d04	85f816ad8830711d981a3e9b90054793a1a91f9d3c1293da88542a591f513d04	85f816ad8830711d981a3e9b90054793a1a91f9d3c1293da88542a591f513d04	I0_UNCHANGED	UNCHANGED_FROM_I0_BASELINE	no	no
docs/current/manager-create-issue-tool-design.md	598113955b68e2fb46517cb3146973331e523266155946956c471e319d64ca72	598113955b68e2fb46517cb3146973331e523266155946956c471e319d64ca72	598113955b68e2fb46517cb3146973331e523266155946956c471e319d64ca72	598113955b68e2fb46517cb3146973331e523266155946956c471e319d64ca72	I0_UNCHANGED	UNCHANGED_FROM_I0_BASELINE	no	no
docs/current/model-connection-settings-design.md	3d9b39b6c59eddb7e448ff6775765bace8de1b0b3f6b7de1f4e1ab73499748bd	3d9b39b6c59eddb7e448ff6775765bace8de1b0b3f6b7de1f4e1ab73499748bd	3d9b39b6c59eddb7e448ff6775765bace8de1b0b3f6b7de1f4e1ab73499748bd	3d9b39b6c59eddb7e448ff6775765bace8de1b0b3f6b7de1f4e1ab73499748bd	I0_UNCHANGED	UNCHANGED_FROM_I0_BASELINE	no	no
docs/current/model-key-save-design.md	0c650c86d85be2c226ce81f3914c4036dbcdda0ddad183f5ad6bb632b1850bbb	0c650c86d85be2c226ce81f3914c4036dbcdda0ddad183f5ad6bb632b1850bbb	0c650c86d85be2c226ce81f3914c4036dbcdda0ddad183f5ad6bb632b1850bbb	0c650c86d85be2c226ce81f3914c4036dbcdda0ddad183f5ad6bb632b1850bbb	I0_UNCHANGED	UNCHANGED_FROM_I0_BASELINE	no	no
docs/current/model-project-apply-design.md	dc0f49f20ecd9396e82a73ce96868d826005370e9c3f3fb2d393cd48a3cf3895	dc0f49f20ecd9396e82a73ce96868d826005370e9c3f3fb2d393cd48a3cf3895	dc0f49f20ecd9396e82a73ce96868d826005370e9c3f3fb2d393cd48a3cf3895	dc0f49f20ecd9396e82a73ce96868d826005370e9c3f3fb2d393cd48a3cf3895	I0_UNCHANGED	UNCHANGED_FROM_I0_BASELINE	no	no
docs/current/model-settings-browser-api-draft.md	b23dd61d9e2fbd2a758dcd7c2b3bd35c19f3434a360dd0bd53cb6b2255ed31d3	b23dd61d9e2fbd2a758dcd7c2b3bd35c19f3434a360dd0bd53cb6b2255ed31d3	b23dd61d9e2fbd2a758dcd7c2b3bd35c19f3434a360dd0bd53cb6b2255ed31d3	b23dd61d9e2fbd2a758dcd7c2b3bd35c19f3434a360dd0bd53cb6b2255ed31d3	I0_UNCHANGED	UNCHANGED_FROM_I0_BASELINE	no	no
docs/current/project-configuration-design.md	16c96f47a1746749808757a5f988618fa9689155c8275315a59b75f8c038da7c	16c96f47a1746749808757a5f988618fa9689155c8275315a59b75f8c038da7c	16c96f47a1746749808757a5f988618fa9689155c8275315a59b75f8c038da7c	16c96f47a1746749808757a5f988618fa9689155c8275315a59b75f8c038da7c	I0_UNCHANGED	UNCHANGED_FROM_I0_BASELINE	no	no
docs/current/project-development.md	ABSENT	d924578b0602a3886161d8ee8f0c4abb532bd1446b907a3dc43dd4a3e608276f	f9972340344411cd221e4bb8e4af4c54a847131146435c764b4cfef3df8248fd	ecdf9a4cea8c1321e5c46807dbc9ea09dc7f537e7fe97a989b5f9205cdc9cba7	APPLIED_ADJUDICATED	ASTRA_ADJUDICATED_FINAL_REVIEW_STATUS	yes	yes
docs/current/prototype-walkthrough-design.md	38e96402c036826097507e889245bad3da87f15b48de02a682696d5360c760aa	38e96402c036826097507e889245bad3da87f15b48de02a682696d5360c760aa	38e96402c036826097507e889245bad3da87f15b48de02a682696d5360c760aa	38e96402c036826097507e889245bad3da87f15b48de02a682696d5360c760aa	I0_UNCHANGED	UNCHANGED_FROM_I0_BASELINE	no	no
docs/current/repository-picker-design.md	12afbc0c810acf8c6e53585cc127df6c908ca127232c85fb3ad933c1ca94d3ee	12afbc0c810acf8c6e53585cc127df6c908ca127232c85fb3ad933c1ca94d3ee	12afbc0c810acf8c6e53585cc127df6c908ca127232c85fb3ad933c1ca94d3ee	12afbc0c810acf8c6e53585cc127df6c908ca127232c85fb3ad933c1ca94d3ee	I0_UNCHANGED	UNCHANGED_FROM_I0_BASELINE	no	no
docs/current/scaffold-agentteams-evidence.md	72ef7c84de715d1035c4b6c3a2d910e667da3ba8e453e86ec4d8f73b83a18961	72ef7c84de715d1035c4b6c3a2d910e667da3ba8e453e86ec4d8f73b83a18961	72ef7c84de715d1035c4b6c3a2d910e667da3ba8e453e86ec4d8f73b83a18961	72ef7c84de715d1035c4b6c3a2d910e667da3ba8e453e86ec4d8f73b83a18961	I0_UNCHANGED	UNCHANGED_FROM_I0_BASELINE	no	no
docs/current/scaffold-verification.md	68c1c2f1086bc68c79f37dfe8c635cf598b21ac86379f88843374b7828273fe9	68c1c2f1086bc68c79f37dfe8c635cf598b21ac86379f88843374b7828273fe9	68c1c2f1086bc68c79f37dfe8c635cf598b21ac86379f88843374b7828273fe9	68c1c2f1086bc68c79f37dfe8c635cf598b21ac86379f88843374b7828273fe9	I0_UNCHANGED	UNCHANGED_FROM_I0_BASELINE	no	no
docs/current/skill-engineering-design.md	b35c27024217252a5eb73c07b9cace2f1131df081ea9bc401e61c53894b4bf07	b35c27024217252a5eb73c07b9cace2f1131df081ea9bc401e61c53894b4bf07	b35c27024217252a5eb73c07b9cace2f1131df081ea9bc401e61c53894b4bf07	b35c27024217252a5eb73c07b9cace2f1131df081ea9bc401e61c53894b4bf07	I0_UNCHANGED	UNCHANGED_FROM_I0_BASELINE	no	no
docs/current/team-execution-policy.md	67ed66a005a8933d136af4dd3f95589e2872bc5602abcf8e9521f20d39fee4d7	67ed66a005a8933d136af4dd3f95589e2872bc5602abcf8e9521f20d39fee4d7	67ed66a005a8933d136af4dd3f95589e2872bc5602abcf8e9521f20d39fee4d7	67ed66a005a8933d136af4dd3f95589e2872bc5602abcf8e9521f20d39fee4d7	I0_UNCHANGED	UNCHANGED_FROM_I0_BASELINE	no	no
docs/current/technology-selection.md	5e431a16e53450aae52805ed900b1fb717f874ee3d571290df5e26fd0cc17eb9	5e431a16e53450aae52805ed900b1fb717f874ee3d571290df5e26fd0cc17eb9	5e431a16e53450aae52805ed900b1fb717f874ee3d571290df5e26fd0cc17eb9	5e431a16e53450aae52805ed900b1fb717f874ee3d571290df5e26fd0cc17eb9	I0_UNCHANGED	UNCHANGED_FROM_I0_BASELINE	no	no
docs/current/verification-node-design.md	5641b18a9791d3bb672d6add3f8129c95a27f32e8d292d66094d1db01f1a660f	5641b18a9791d3bb672d6add3f8129c95a27f32e8d292d66094d1db01f1a660f	5641b18a9791d3bb672d6add3f8129c95a27f32e8d292d66094d1db01f1a660f	5641b18a9791d3bb672d6add3f8129c95a27f32e8d292d66094d1db01f1a660f	I0_UNCHANGED	UNCHANGED_FROM_I0_BASELINE	no	no
docs/current/wsl-development-recommendation.md	7a29a371a4c5e04ad1460722a82d00a22bd1cefa4fbd7d88c75f76871add8850	7a29a371a4c5e04ad1460722a82d00a22bd1cefa4fbd7d88c75f76871add8850	7a29a371a4c5e04ad1460722a82d00a22bd1cefa4fbd7d88c75f76871add8850	7a29a371a4c5e04ad1460722a82d00a22bd1cefa4fbd7d88c75f76871add8850	I0_UNCHANGED	UNCHANGED_FROM_I0_BASELINE	no	no
docs/old_ver/README.md	e26ae5339ed7ce9415edec32c5d658cfef692a2a5db1364e4e4949f1a6cad0f9	e26ae5339ed7ce9415edec32c5d658cfef692a2a5db1364e4e4949f1a6cad0f9	e26ae5339ed7ce9415edec32c5d658cfef692a2a5db1364e4e4949f1a6cad0f9	e26ae5339ed7ce9415edec32c5d658cfef692a2a5db1364e4e4949f1a6cad0f9	I0_UNCHANGED	UNCHANGED_FROM_I0_BASELINE	no	no
docs/prototypes/README.md	e7771fea526a3b29c3bd42b6a7c47ae7afca8dcc2780061a3cd1376e1ac3724d	e7771fea526a3b29c3bd42b6a7c47ae7afca8dcc2780061a3cd1376e1ac3724d	e7771fea526a3b29c3bd42b6a7c47ae7afca8dcc2780061a3cd1376e1ac3724d	e7771fea526a3b29c3bd42b6a7c47ae7afca8dcc2780061a3cd1376e1ac3724d	I0_UNCHANGED	UNCHANGED_FROM_I0_BASELINE	no	no
docs/prototypes/assemble-prototypes.py	41e71e84b2fd791f55a0bf7bf4be13f5b87603990fad37929233bf5e50697eb4	41e71e84b2fd791f55a0bf7bf4be13f5b87603990fad37929233bf5e50697eb4	41e71e84b2fd791f55a0bf7bf4be13f5b87603990fad37929233bf5e50697eb4	41e71e84b2fd791f55a0bf7bf4be13f5b87603990fad37929233bf5e50697eb4	I0_UNCHANGED	UNCHANGED_FROM_I0_BASELINE	no	no
docs/prototypes/auth-recovery.prototype.js	ee6ed5600def72fbaea99f1e18297744b35267c3955729565ff1cb3a774387ac	ee6ed5600def72fbaea99f1e18297744b35267c3955729565ff1cb3a774387ac	ee6ed5600def72fbaea99f1e18297744b35267c3955729565ff1cb3a774387ac	ee6ed5600def72fbaea99f1e18297744b35267c3955729565ff1cb3a774387ac	I0_UNCHANGED	UNCHANGED_FROM_I0_BASELINE	no	no
docs/prototypes/first-batch-review.html.template	c59ab09801dff789dc659fb5e7a48991250477977c0f423972892b00dad3b372	c59ab09801dff789dc659fb5e7a48991250477977c0f423972892b00dad3b372	c59ab09801dff789dc659fb5e7a48991250477977c0f423972892b00dad3b372	c59ab09801dff789dc659fb5e7a48991250477977c0f423972892b00dad3b372	I0_UNCHANGED	UNCHANGED_FROM_I0_BASELINE	no	no
docs/prototypes/index.html	a756e4e384cc5403640e48a7bccf68ed6edd91d4121130b0489adb84a7347b90	a756e4e384cc5403640e48a7bccf68ed6edd91d4121130b0489adb84a7347b90	a756e4e384cc5403640e48a7bccf68ed6edd91d4121130b0489adb84a7347b90	a756e4e384cc5403640e48a7bccf68ed6edd91d4121130b0489adb84a7347b90	I0_UNCHANGED	UNCHANGED_FROM_I0_BASELINE	no	no
docs/prototypes/issue-overview.prototype.js	32875db3260cabf0416b61564f5721fa8c42e6ba0887930a4194fa2d70eeb738	32875db3260cabf0416b61564f5721fa8c42e6ba0887930a4194fa2d70eeb738	32875db3260cabf0416b61564f5721fa8c42e6ba0887930a4194fa2d70eeb738	32875db3260cabf0416b61564f5721fa8c42e6ba0887930a4194fa2d70eeb738	I0_UNCHANGED	UNCHANGED_FROM_I0_BASELINE	no	no
docs/prototypes/joined-preview-shell.html.template	deeb37c4a149911ef8b7a4437dfd7a96ec15faa3e0b15867637d8d7fb0369998	deeb37c4a149911ef8b7a4437dfd7a96ec15faa3e0b15867637d8d7fb0369998	deeb37c4a149911ef8b7a4437dfd7a96ec15faa3e0b15867637d8d7fb0369998	deeb37c4a149911ef8b7a4437dfd7a96ec15faa3e0b15867637d8d7fb0369998	I0_UNCHANGED	UNCHANGED_FROM_I0_BASELINE	no	no
docs/prototypes/model-key-save.prototype.js	3a2cc0f8fd71ed9ce6be9a45fdc4c0e0adae172c1995b32334c3bd849532c9ac	3a2cc0f8fd71ed9ce6be9a45fdc4c0e0adae172c1995b32334c3bd849532c9ac	3a2cc0f8fd71ed9ce6be9a45fdc4c0e0adae172c1995b32334c3bd849532c9ac	3a2cc0f8fd71ed9ce6be9a45fdc4c0e0adae172c1995b32334c3bd849532c9ac	I0_UNCHANGED	UNCHANGED_FROM_I0_BASELINE	no	no
docs/prototypes/model-project-apply.prototype.js	5274e04f0d20c092be70aae5b76ae6a7970ee5d7a164b948f10d54c5b8d2d2a1	5274e04f0d20c092be70aae5b76ae6a7970ee5d7a164b948f10d54c5b8d2d2a1	5274e04f0d20c092be70aae5b76ae6a7970ee5d7a164b948f10d54c5b8d2d2a1	5274e04f0d20c092be70aae5b76ae6a7970ee5d7a164b948f10d54c5b8d2d2a1	I0_UNCHANGED	UNCHANGED_FROM_I0_BASELINE	no	no
docs/prototypes/model-test.prototype.js	da4fb71fa721c94a0b35c97b3c18d4f95fceca83c7fafeb823efc3ec41210913	da4fb71fa721c94a0b35c97b3c18d4f95fceca83c7fafeb823efc3ec41210913	da4fb71fa721c94a0b35c97b3c18d4f95fceca83c7fafeb823efc3ec41210913	da4fb71fa721c94a0b35c97b3c18d4f95fceca83c7fafeb823efc3ec41210913	I0_UNCHANGED	UNCHANGED_FROM_I0_BASELINE	no	no
docs/prototypes/repomesh-conversation-dock-prototype.html	f3abbf0f69e0de04954a3162038e5b5b45e4124e769d9bf59c0aacdb0b9f5330	f3abbf0f69e0de04954a3162038e5b5b45e4124e769d9bf59c0aacdb0b9f5330	f3abbf0f69e0de04954a3162038e5b5b45e4124e769d9bf59c0aacdb0b9f5330	f3abbf0f69e0de04954a3162038e5b5b45e4124e769d9bf59c0aacdb0b9f5330	I0_UNCHANGED	UNCHANGED_FROM_I0_BASELINE	no	no
docs/prototypes/repomesh-conversations-issues.html	5bda301607d122c55034c46e67c3a6d869ee1d268e8b56326a082f8c8f7b2073	5bda301607d122c55034c46e67c3a6d869ee1d268e8b56326a082f8c8f7b2073	5bda301607d122c55034c46e67c3a6d869ee1d268e8b56326a082f8c8f7b2073	5bda301607d122c55034c46e67c3a6d869ee1d268e8b56326a082f8c8f7b2073	I0_UNCHANGED	UNCHANGED_FROM_I0_BASELINE	no	no
docs/prototypes/repomesh-issue-conversation-prototype.html	8724e8eb53bbbcb95b6d31da2fd14d9130bc85cfffbc396dd01ea40be6e649f4	8724e8eb53bbbcb95b6d31da2fd14d9130bc85cfffbc396dd01ea40be6e649f4	8724e8eb53bbbcb95b6d31da2fd14d9130bc85cfffbc396dd01ea40be6e649f4	8724e8eb53bbbcb95b6d31da2fd14d9130bc85cfffbc396dd01ea40be6e649f4	I0_UNCHANGED	UNCHANGED_FROM_I0_BASELINE	no	no
docs/prototypes/repomesh-issue-dag-prototype.html	6f3d4b784732527b9009127beb259fdbe9cd60f2ec71750b5b426404461b5f3d	6f3d4b784732527b9009127beb259fdbe9cd60f2ec71750b5b426404461b5f3d	6f3d4b784732527b9009127beb259fdbe9cd60f2ec71750b5b426404461b5f3d	6f3d4b784732527b9009127beb259fdbe9cd60f2ec71750b5b426404461b5f3d	I0_UNCHANGED	UNCHANGED_FROM_I0_BASELINE	no	no
docs/prototypes/repomesh-issue-detail-prototype.html	4d83b74b614de80f694761d7fb430170253d4c187b11ddc7aba2823176126c15	4d83b74b614de80f694761d7fb430170253d4c187b11ddc7aba2823176126c15	4d83b74b614de80f694761d7fb430170253d4c187b11ddc7aba2823176126c15	4d83b74b614de80f694761d7fb430170253d4c187b11ddc7aba2823176126c15	I0_UNCHANGED	UNCHANGED_FROM_I0_BASELINE	no	no
docs/prototypes/repomesh-issue-modal-prototype.html	b4ca04dfaf7b8d9e7dce3f7c6c2ec04972a554fb4003aaec3cbe62ba3cc1bd9a	b4ca04dfaf7b8d9e7dce3f7c6c2ec04972a554fb4003aaec3cbe62ba3cc1bd9a	b4ca04dfaf7b8d9e7dce3f7c6c2ec04972a554fb4003aaec3cbe62ba3cc1bd9a	b4ca04dfaf7b8d9e7dce3f7c6c2ec04972a554fb4003aaec3cbe62ba3cc1bd9a	I0_UNCHANGED	UNCHANGED_FROM_I0_BASELINE	no	no
docs/prototypes/repomesh-issue-submit-prototype.html	bd6ad91d9e3c316a494f49a95b4440da7355e8318f4b12b893f62f16881f2f90	bd6ad91d9e3c316a494f49a95b4440da7355e8318f4b12b893f62f16881f2f90	bd6ad91d9e3c316a494f49a95b4440da7355e8318f4b12b893f62f16881f2f90	bd6ad91d9e3c316a494f49a95b4440da7355e8318f4b12b893f62f16881f2f90	I0_UNCHANGED	UNCHANGED_FROM_I0_BASELINE	no	no
docs/prototypes/repomesh-message-target-prototype.html	bb98d1e5262c92de2f790a6c36f2cc98825a15edda03b276b077ff1585070f3a	bb98d1e5262c92de2f790a6c36f2cc98825a15edda03b276b077ff1585070f3a	bb98d1e5262c92de2f790a6c36f2cc98825a15edda03b276b077ff1585070f3a	bb98d1e5262c92de2f790a6c36f2cc98825a15edda03b276b077ff1585070f3a	I0_UNCHANGED	UNCHANGED_FROM_I0_BASELINE	no	no
docs/prototypes/repomesh-model-provider-prototype.html	0345fcee1644879a9c688a8f98978c3074f293c621ad3747ba419b10cdb40ff5	0345fcee1644879a9c688a8f98978c3074f293c621ad3747ba419b10cdb40ff5	0345fcee1644879a9c688a8f98978c3074f293c621ad3747ba419b10cdb40ff5	0345fcee1644879a9c688a8f98978c3074f293c621ad3747ba419b10cdb40ff5	I0_UNCHANGED	UNCHANGED_FROM_I0_BASELINE	no	no
docs/prototypes/repomesh-project-entry-prototype.html	3c7cd0763352e499aad7cd2520f428be6790e3afc5068ca86718be9f4d1a88a3	3c7cd0763352e499aad7cd2520f428be6790e3afc5068ca86718be9f4d1a88a3	3c7cd0763352e499aad7cd2520f428be6790e3afc5068ca86718be9f4d1a88a3	3c7cd0763352e499aad7cd2520f428be6790e3afc5068ca86718be9f4d1a88a3	I0_UNCHANGED	UNCHANGED_FROM_I0_BASELINE	no	no
docs/prototypes/repomesh-project-settings-prototype.html	7d93b2ff2a754ab847cddf61ad7e048f40c6817fa4618aeff3f38f728fe7dbb8	7d93b2ff2a754ab847cddf61ad7e048f40c6817fa4618aeff3f38f728fe7dbb8	7d93b2ff2a754ab847cddf61ad7e048f40c6817fa4618aeff3f38f728fe7dbb8	7d93b2ff2a754ab847cddf61ad7e048f40c6817fa4618aeff3f38f728fe7dbb8	I0_UNCHANGED	UNCHANGED_FROM_I0_BASELINE	no	no
docs/prototypes/repository-picker.prototype.js	56ed7d2d85d91bc8d99891e8e4af18779013fb784daccb1dbebd77f9b25fa367	56ed7d2d85d91bc8d99891e8e4af18779013fb784daccb1dbebd77f9b25fa367	56ed7d2d85d91bc8d99891e8e4af18779013fb784daccb1dbebd77f9b25fa367	56ed7d2d85d91bc8d99891e8e4af18779013fb784daccb1dbebd77f9b25fa367	I0_UNCHANGED	UNCHANGED_FROM_I0_BASELINE	no	no
docs/research/agentteams-unified-capability-management-2026-09-12.md	79915e28e98f8d1d4b88088eea6e9a7a044e03c97079f9b154d157d6a2a4cc4a	79915e28e98f8d1d4b88088eea6e9a7a044e03c97079f9b154d157d6a2a4cc4a	79915e28e98f8d1d4b88088eea6e9a7a044e03c97079f9b154d157d6a2a4cc4a	79915e28e98f8d1d4b88088eea6e9a7a044e03c97079f9b154d157d6a2a4cc4a	I0_UNCHANGED	UNCHANGED_FROM_I0_BASELINE	no	no
docs/research/deep-research-eval-report.md	d4452b0e4ae2929b5348d4c79d68544a838a66f547ff30d2478dac2bcb710f32	d4452b0e4ae2929b5348d4c79d68544a838a66f547ff30d2478dac2bcb710f32	d4452b0e4ae2929b5348d4c79d68544a838a66f547ff30d2478dac2bcb710f32	d4452b0e4ae2929b5348d4c79d68544a838a66f547ff30d2478dac2bcb710f32	I0_UNCHANGED	UNCHANGED_FROM_I0_BASELINE	no	no
docs/research/legacy-analysis-plugin-feasibility-2026-09-10.md	e5ad2ac1931904ba107302d245e008d9d3c5c96a281700b8d0081532d6c2be3b	e5ad2ac1931904ba107302d245e008d9d3c5c96a281700b8d0081532d6c2be3b	e5ad2ac1931904ba107302d245e008d9d3c5c96a281700b8d0081532d6c2be3b	e5ad2ac1931904ba107302d245e008d9d3c5c96a281700b8d0081532d6c2be3b	I0_UNCHANGED	UNCHANGED_FROM_I0_BASELINE	no	no
docs/reviews/2026-09-12-design-fixes/README.md	722c38fd9850d5609cabdaa8fd2278498cf2955484ecceb8d8aba689de5ee5ea	722c38fd9850d5609cabdaa8fd2278498cf2955484ecceb8d8aba689de5ee5ea	722c38fd9850d5609cabdaa8fd2278498cf2955484ecceb8d8aba689de5ee5ea	722c38fd9850d5609cabdaa8fd2278498cf2955484ecceb8d8aba689de5ee5ea	I0_UNCHANGED	UNCHANGED_FROM_I0_BASELINE	no	no
docs/reviews/2026-09-12-design-fixes/check_documents.py	c516cc484db360007c82bae6069334d4a7f03e88aa2d128650915c79c927d945	c516cc484db360007c82bae6069334d4a7f03e88aa2d128650915c79c927d945	c516cc484db360007c82bae6069334d4a7f03e88aa2d128650915c79c927d945	c516cc484db360007c82bae6069334d4a7f03e88aa2d128650915c79c927d945	I0_UNCHANGED	UNCHANGED_FROM_I0_BASELINE	no	no
docs/reviews/2026-09-12-design-fixes/document-checks.json	05e6760a4dc9ba6efcd028b1fbbf58007715eb156e7ac19f14f04644e73dccf9	05e6760a4dc9ba6efcd028b1fbbf58007715eb156e7ac19f14f04644e73dccf9	05e6760a4dc9ba6efcd028b1fbbf58007715eb156e7ac19f14f04644e73dccf9	05e6760a4dc9ba6efcd028b1fbbf58007715eb156e7ac19f14f04644e73dccf9	I0_UNCHANGED	UNCHANGED_FROM_I0_BASELINE	no	no
docs/reviews/2026-09-12-design-readiness/README.md	6595cc40e58baa03555291c1cbe598eb006b7ad0f5fe43627f094d3aa296e2cb	6595cc40e58baa03555291c1cbe598eb006b7ad0f5fe43627f094d3aa296e2cb	6595cc40e58baa03555291c1cbe598eb006b7ad0f5fe43627f094d3aa296e2cb	6595cc40e58baa03555291c1cbe598eb006b7ad0f5fe43627f094d3aa296e2cb	I0_UNCHANGED	UNCHANGED_FROM_I0_BASELINE	no	no
docs/reviews/2026-09-12-design-readiness/api-backend-review.md	035a9c8f2df2ed6a5d5a54842dd4b5ec03143681ba0d98f0892e7357b90eb368	035a9c8f2df2ed6a5d5a54842dd4b5ec03143681ba0d98f0892e7357b90eb368	035a9c8f2df2ed6a5d5a54842dd4b5ec03143681ba0d98f0892e7357b90eb368	035a9c8f2df2ed6a5d5a54842dd4b5ec03143681ba0d98f0892e7357b90eb368	I0_UNCHANGED	UNCHANGED_FROM_I0_BASELINE	no	no
docs/reviews/2026-09-12-design-readiness/audit_documents.py	7b7eb68c2f72eaaf454629b76088f121206a86ee19a66ed7f4e44a70be9ebe33	7b7eb68c2f72eaaf454629b76088f121206a86ee19a66ed7f4e44a70be9ebe33	7b7eb68c2f72eaaf454629b76088f121206a86ee19a66ed7f4e44a70be9ebe33	7b7eb68c2f72eaaf454629b76088f121206a86ee19a66ed7f4e44a70be9ebe33	I0_UNCHANGED	UNCHANGED_FROM_I0_BASELINE	no	no
docs/reviews/2026-09-12-design-readiness/coverage.md	0fde0e3fa4da84a5b5be69494f3020a81944bd682116bc1bb0883b3fd65725dd	0fde0e3fa4da84a5b5be69494f3020a81944bd682116bc1bb0883b3fd65725dd	0fde0e3fa4da84a5b5be69494f3020a81944bd682116bc1bb0883b3fd65725dd	0fde0e3fa4da84a5b5be69494f3020a81944bd682116bc1bb0883b3fd65725dd	I0_UNCHANGED	UNCHANGED_FROM_I0_BASELINE	no	no
docs/reviews/2026-09-12-design-readiness/page-review.md	f990306c97f673f820f831dea0206981b9e250f54bbe632e242bb753bcfb22a1	f990306c97f673f820f831dea0206981b9e250f54bbe632e242bb753bcfb22a1	f990306c97f673f820f831dea0206981b9e250f54bbe632e242bb753bcfb22a1	f990306c97f673f820f831dea0206981b9e250f54bbe632e242bb753bcfb22a1	I0_UNCHANGED	UNCHANGED_FROM_I0_BASELINE	no	no
docs/reviews/2026-09-12-design-readiness/report-checks.json	937a39422383edf28d4451e409e3ed4a2a176bcb4b77122c8009b081c8f4cfba	937a39422383edf28d4451e409e3ed4a2a176bcb4b77122c8009b081c8f4cfba	937a39422383edf28d4451e409e3ed4a2a176bcb4b77122c8009b081c8f4cfba	937a39422383edf28d4451e409e3ed4a2a176bcb4b77122c8009b081c8f4cfba	I0_UNCHANGED	UNCHANGED_FROM_I0_BASELINE	no	no
docs/reviews/2026-09-12-design-readiness/source-baseline.json	99aa0407f382a2f402033d0d97a56e44e369ddf5b953393ab34810a31b9478ba	99aa0407f382a2f402033d0d97a56e44e369ddf5b953393ab34810a31b9478ba	99aa0407f382a2f402033d0d97a56e44e369ddf5b953393ab34810a31b9478ba	99aa0407f382a2f402033d0d97a56e44e369ddf5b953393ab34810a31b9478ba	I0_UNCHANGED	UNCHANGED_FROM_I0_BASELINE	no	no
docs/reviews/2026-09-12-design-readiness/structural-checks.json	1dc903ba3651c888783b06fde4c9f71687cb6e47c49ae16d86a7c792636f83a4	1dc903ba3651c888783b06fde4c9f71687cb6e47c49ae16d86a7c792636f83a4	1dc903ba3651c888783b06fde4c9f71687cb6e47c49ae16d86a7c792636f83a4	1dc903ba3651c888783b06fde4c9f71687cb6e47c49ae16d86a7c792636f83a4	I0_UNCHANGED	UNCHANGED_FROM_I0_BASELINE	no	no
docs/reviews/2026-09-12-design-readiness/system-review.md	395afbfb12acfb44894ec82425ffe0e8ca7c8fc9032be4399f7f0d1ac4c4cd43	395afbfb12acfb44894ec82425ffe0e8ca7c8fc9032be4399f7f0d1ac4c4cd43	395afbfb12acfb44894ec82425ffe0e8ca7c8fc9032be4399f7f0d1ac4c4cd43	395afbfb12acfb44894ec82425ffe0e8ca7c8fc9032be4399f7f0d1ac4c4cd43	I0_UNCHANGED	UNCHANGED_FROM_I0_BASELINE	no	no
docs/reviews/2026-09-12-design-readiness/upstream-crosscheck.md	3426810b509e33cd74043a225bb415d8ba87483e46f39425ba681e4933aed0da	3426810b509e33cd74043a225bb415d8ba87483e46f39425ba681e4933aed0da	3426810b509e33cd74043a225bb415d8ba87483e46f39425ba681e4933aed0da	3426810b509e33cd74043a225bb415d8ba87483e46f39425ba681e4933aed0da	I0_UNCHANGED	UNCHANGED_FROM_I0_BASELINE	no	no
docs/reviews/2026-09-12-project-contracts/README.md	6269e5c635d93a5c703aa9bcccb88f9ce2841a7d04d7fdc2144d63d90bd78439	6269e5c635d93a5c703aa9bcccb88f9ce2841a7d04d7fdc2144d63d90bd78439	6269e5c635d93a5c703aa9bcccb88f9ce2841a7d04d7fdc2144d63d90bd78439	6269e5c635d93a5c703aa9bcccb88f9ce2841a7d04d7fdc2144d63d90bd78439	I0_UNCHANGED	UNCHANGED_FROM_I0_BASELINE	no	no
docs/reviews/2026-09-12-project-contracts/changes.diff	336a77a77b34a58e84f86c7e0b88a187e8f89803f9a0b512bc5d693b2316d9bf	336a77a77b34a58e84f86c7e0b88a187e8f89803f9a0b512bc5d693b2316d9bf	336a77a77b34a58e84f86c7e0b88a187e8f89803f9a0b512bc5d693b2316d9bf	336a77a77b34a58e84f86c7e0b88a187e8f89803f9a0b512bc5d693b2316d9bf	I0_UNCHANGED	UNCHANGED_FROM_I0_BASELINE	no	no
docs/reviews/2026-09-12-project-contracts/scope-checks.json	32d7294e63950a1e74a35eec31f6581849c35572cc1c46debd48893b29c67bf9	32d7294e63950a1e74a35eec31f6581849c35572cc1c46debd48893b29c67bf9	32d7294e63950a1e74a35eec31f6581849c35572cc1c46debd48893b29c67bf9	32d7294e63950a1e74a35eec31f6581849c35572cc1c46debd48893b29c67bf9	I0_UNCHANGED	UNCHANGED_FROM_I0_BASELINE	no	no
docs/reviews/2026-09-12-project-contracts/source-baseline.json	3f796696b947379e3d28032ab9516430e73cbae36dbaefa65e7f73547d777e99	3f796696b947379e3d28032ab9516430e73cbae36dbaefa65e7f73547d777e99	3f796696b947379e3d28032ab9516430e73cbae36dbaefa65e7f73547d777e99	3f796696b947379e3d28032ab9516430e73cbae36dbaefa65e7f73547d777e99	I0_UNCHANGED	UNCHANGED_FROM_I0_BASELINE	no	no
docs/reviews/2026-09-12-project-contracts/structural-checks.json	9cfb5eaef8d6aa409842757e9cad8e3700fdd31dd14cc6563c405f4368696ba6	9cfb5eaef8d6aa409842757e9cad8e3700fdd31dd14cc6563c405f4368696ba6	9cfb5eaef8d6aa409842757e9cad8e3700fdd31dd14cc6563c405f4368696ba6	9cfb5eaef8d6aa409842757e9cad8e3700fdd31dd14cc6563c405f4368696ba6	I0_UNCHANGED	UNCHANGED_FROM_I0_BASELINE	no	no
go.mod	c0e67f919b353a4f29bec6b91b43b735f6ea6b09377b98f76e36b4b2d05a810a	c0e67f919b353a4f29bec6b91b43b735f6ea6b09377b98f76e36b4b2d05a810a	c0e67f919b353a4f29bec6b91b43b735f6ea6b09377b98f76e36b4b2d05a810a	c0e67f919b353a4f29bec6b91b43b735f6ea6b09377b98f76e36b4b2d05a810a	I0_UNCHANGED	UNCHANGED_FROM_I0_BASELINE	no	no
go.sum	a5e7a8db07eba28dbde48bf9a54c4e9084a5a95ded581c0ff44c08b74e3dfe69	a5e7a8db07eba28dbde48bf9a54c4e9084a5a95ded581c0ff44c08b74e3dfe69	a5e7a8db07eba28dbde48bf9a54c4e9084a5a95ded581c0ff44c08b74e3dfe69	a5e7a8db07eba28dbde48bf9a54c4e9084a5a95ded581c0ff44c08b74e3dfe69	I0_UNCHANGED	UNCHANGED_FROM_I0_BASELINE	no	no
internal/access/callback.go	0091d3d207c35caa386d2f871967be8ebda06c192675b357889d226225f1b977	27fe908127845f43188977249e0b16b566cc84b176336176e9436ace3ab5eb5c	27fe908127845f43188977249e0b16b566cc84b176336176e9436ace3ab5eb5c	27fe908127845f43188977249e0b16b566cc84b176336176e9436ace3ab5eb5c	APPLIED_SOURCE_EXACT	SOURCE_EXACT_UNCHANGED_AFTER_I1	yes	yes
internal/access/callback_concurrency_test.go	b5ac00a22dedd87c9215195746c3f76f842b7ceebc1bf356c5dcea64aa537dc6	b5ac00a22dedd87c9215195746c3f76f842b7ceebc1bf356c5dcea64aa537dc6	b5ac00a22dedd87c9215195746c3f76f842b7ceebc1bf356c5dcea64aa537dc6	b5ac00a22dedd87c9215195746c3f76f842b7ceebc1bf356c5dcea64aa537dc6	I0_UNCHANGED	UNCHANGED_FROM_I0_BASELINE	no	no
internal/access/cleanup.go	704ea4d558643a6adda7edb7b726c4172d71088ae92fe3e9b30a5a234d30c599	704ea4d558643a6adda7edb7b726c4172d71088ae92fe3e9b30a5a234d30c599	704ea4d558643a6adda7edb7b726c4172d71088ae92fe3e9b30a5a234d30c599	704ea4d558643a6adda7edb7b726c4172d71088ae92fe3e9b30a5a234d30c599	I0_UNCHANGED	UNCHANGED_FROM_I0_BASELINE	no	no
internal/access/credential.go	5904b949d764bef7dc17fe10b53e0b726f1825ab1f8518fa8a758e62edc87a42	5904b949d764bef7dc17fe10b53e0b726f1825ab1f8518fa8a758e62edc87a42	5904b949d764bef7dc17fe10b53e0b726f1825ab1f8518fa8a758e62edc87a42	5904b949d764bef7dc17fe10b53e0b726f1825ab1f8518fa8a758e62edc87a42	I0_UNCHANGED	UNCHANGED_FROM_I0_BASELINE	no	no
internal/access/deployment.go	a76a000bfa13d84edf8c1864503408f9c14742c1c6e911d12f3a0a0e15729b85	456d9d7e9e6258816b13ed0987637aed30380a8f5725bcc9bef09d88872ef990	456d9d7e9e6258816b13ed0987637aed30380a8f5725bcc9bef09d88872ef990	456d9d7e9e6258816b13ed0987637aed30380a8f5725bcc9bef09d88872ef990	APPLIED_SOURCE_EXACT	SOURCE_EXACT_UNCHANGED_AFTER_I1	yes	yes
internal/access/deployment_test.go	0d248343d00ffae4bdafceaabbf4ed62536e07cb523164d79456246bfaf1c302	0d248343d00ffae4bdafceaabbf4ed62536e07cb523164d79456246bfaf1c302	0d248343d00ffae4bdafceaabbf4ed62536e07cb523164d79456246bfaf1c302	0d248343d00ffae4bdafceaabbf4ed62536e07cb523164d79456246bfaf1c302	I0_UNCHANGED	UNCHANGED_FROM_I0_BASELINE	no	no
internal/access/destination.go	e5bdecd680faf36d595489d78a995a69f99626a3be8634d5b9a89298321682cf	ba057e04e5bfce97f09fd1ead3e99a702839ea4340e57360d475414e8d407ae9	ba057e04e5bfce97f09fd1ead3e99a702839ea4340e57360d475414e8d407ae9	ba057e04e5bfce97f09fd1ead3e99a702839ea4340e57360d475414e8d407ae9	APPLIED_SOURCE_EXACT	SOURCE_EXACT_UNCHANGED_AFTER_I1	yes	yes
internal/access/discovery.go	9784ef8251a235af422b61cb2df5ec18bf86e3e3caf148259746249b30435f92	9784ef8251a235af422b61cb2df5ec18bf86e3e3caf148259746249b30435f92	9784ef8251a235af422b61cb2df5ec18bf86e3e3caf148259746249b30435f92	9784ef8251a235af422b61cb2df5ec18bf86e3e3caf148259746249b30435f92	I0_UNCHANGED	UNCHANGED_FROM_I0_BASELINE	no	no
internal/access/postgres_test.go	a7d72efc99c8e551136c8554fef7bbd943695c496067e204224a395852f54f18	a7d72efc99c8e551136c8554fef7bbd943695c496067e204224a395852f54f18	a7d72efc99c8e551136c8554fef7bbd943695c496067e204224a395852f54f18	a7d72efc99c8e551136c8554fef7bbd943695c496067e204224a395852f54f18	I0_UNCHANGED	UNCHANGED_FROM_I0_BASELINE	no	no
internal/access/private_file_linux.go	4f08078fd926e8fc2f3766ee1d5bde48203aa5743512ad05cc9a2ab7deeb5be1	4f08078fd926e8fc2f3766ee1d5bde48203aa5743512ad05cc9a2ab7deeb5be1	4f08078fd926e8fc2f3766ee1d5bde48203aa5743512ad05cc9a2ab7deeb5be1	4f08078fd926e8fc2f3766ee1d5bde48203aa5743512ad05cc9a2ab7deeb5be1	I0_UNCHANGED	UNCHANGED_FROM_I0_BASELINE	no	no
internal/access/private_file_other.go	7b1e04e60398e77a7b70c360c2a3fbae5394c90c9f3cffa496f3a609f6166c7e	7b1e04e60398e77a7b70c360c2a3fbae5394c90c9f3cffa496f3a609f6166c7e	7b1e04e60398e77a7b70c360c2a3fbae5394c90c9f3cffa496f3a609f6166c7e	7b1e04e60398e77a7b70c360c2a3fbae5394c90c9f3cffa496f3a609f6166c7e	I0_UNCHANGED	UNCHANGED_FROM_I0_BASELINE	no	no
internal/access/project_access.go	ABSENT	06c2ac27cb976f5119b7f77a7f2c38c506f2aa4c4172f071dfcecf82a4c95cdf	06c2ac27cb976f5119b7f77a7f2c38c506f2aa4c4172f071dfcecf82a4c95cdf	06c2ac27cb976f5119b7f77a7f2c38c506f2aa4c4172f071dfcecf82a4c95cdf	APPLIED_SOURCE_EXACT	SOURCE_EXACT_UNCHANGED_AFTER_I1	yes	yes
internal/access/project_access_test.go	ABSENT	0a94fc869ec612cc517d15f01b7492d1761fbd784d42aeb1000f907caac21c2f	0a94fc869ec612cc517d15f01b7492d1761fbd784d42aeb1000f907caac21c2f	0a94fc869ec612cc517d15f01b7492d1761fbd784d42aeb1000f907caac21c2f	APPLIED_SOURCE_EXACT	SOURCE_EXACT_UNCHANGED_AFTER_I1	yes	yes
internal/access/session.go	0dbf0e289d2249974456e60d704a69e38e85a21e5d8db208716c482796f09305	0dbf0e289d2249974456e60d704a69e38e85a21e5d8db208716c482796f09305	0dbf0e289d2249974456e60d704a69e38e85a21e5d8db208716c482796f09305	0dbf0e289d2249974456e60d704a69e38e85a21e5d8db208716c482796f09305	I0_UNCHANGED	UNCHANGED_FROM_I0_BASELINE	no	no
internal/access/start.go	8f2afd7f8157047bbcf726d59a736a27ecea8044c997db29bf1ed70eea6f9098	8f2afd7f8157047bbcf726d59a736a27ecea8044c997db29bf1ed70eea6f9098	8f2afd7f8157047bbcf726d59a736a27ecea8044c997db29bf1ed70eea6f9098	8f2afd7f8157047bbcf726d59a736a27ecea8044c997db29bf1ed70eea6f9098	I0_UNCHANGED	UNCHANGED_FROM_I0_BASELINE	no	no
internal/access/types.go	3250adbd894cb91847ce018bc487c489f27bc6df014bf3bcfb840d9bec87ff43	0f1a9e3188b0a78081d8129d0f34432570a96fbc975ee2ea7cd7936d44dcd632	0f1a9e3188b0a78081d8129d0f34432570a96fbc975ee2ea7cd7936d44dcd632	0f1a9e3188b0a78081d8129d0f34432570a96fbc975ee2ea7cd7936d44dcd632	APPLIED_SOURCE_EXACT	SOURCE_EXACT_UNCHANGED_AFTER_I1	yes	yes
internal/access/worker.go	84b1f43145763ba0a3c1cedfc3d8bf8da8bf7a6de672068d801b68988cbbb248	84b1f43145763ba0a3c1cedfc3d8bf8da8bf7a6de672068d801b68988cbbb248	84b1f43145763ba0a3c1cedfc3d8bf8da8bf7a6de672068d801b68988cbbb248	84b1f43145763ba0a3c1cedfc3d8bf8da8bf7a6de672068d801b68988cbbb248	I0_UNCHANGED	UNCHANGED_FROM_I0_BASELINE	no	no
internal/buildinfo/version.go	43240966b7efe6a6c1387e365a2fddfb6f42bd219bd6affb91c174fdc52013c6	43240966b7efe6a6c1387e365a2fddfb6f42bd219bd6affb91c174fdc52013c6	43240966b7efe6a6c1387e365a2fddfb6f42bd219bd6affb91c174fdc52013c6	43240966b7efe6a6c1387e365a2fddfb6f42bd219bd6affb91c174fdc52013c6	I0_UNCHANGED	UNCHANGED_FROM_I0_BASELINE	no	no
internal/database/database.go	d8426f75c28e3b678a2e5bf771b295b17c58f7c2b27227a2662ebe3faf70f7ee	d8426f75c28e3b678a2e5bf771b295b17c58f7c2b27227a2662ebe3faf70f7ee	d8426f75c28e3b678a2e5bf771b295b17c58f7c2b27227a2662ebe3faf70f7ee	d8426f75c28e3b678a2e5bf771b295b17c58f7c2b27227a2662ebe3faf70f7ee	I0_UNCHANGED	UNCHANGED_FROM_I0_BASELINE	no	no
internal/database/database_test.go	9b87c39168945453f138544e37d1773f3fd32b9e395452e9539f5c05a30e3405	9b87c39168945453f138544e37d1773f3fd32b9e395452e9539f5c05a30e3405	9b87c39168945453f138544e37d1773f3fd32b9e395452e9539f5c05a30e3405	9b87c39168945453f138544e37d1773f3fd32b9e395452e9539f5c05a30e3405	I0_UNCHANGED	UNCHANGED_FROM_I0_BASELINE	no	no
internal/database/migrations.go	86a14822e5a4c761d1bedeafe5a24f521ff4826d2a8aa1e9f4e6273b1f37137f	86a14822e5a4c761d1bedeafe5a24f521ff4826d2a8aa1e9f4e6273b1f37137f	86a14822e5a4c761d1bedeafe5a24f521ff4826d2a8aa1e9f4e6273b1f37137f	86a14822e5a4c761d1bedeafe5a24f521ff4826d2a8aa1e9f4e6273b1f37137f	I0_UNCHANGED	UNCHANGED_FROM_I0_BASELINE	no	no
internal/database/migrations/0001_schema_migrations.sql	6d180f1b2be3c4904b699c11a13ee827e5405fd2f2ce05041da48e273a210c3a	6d180f1b2be3c4904b699c11a13ee827e5405fd2f2ce05041da48e273a210c3a	6d180f1b2be3c4904b699c11a13ee827e5405fd2f2ce05041da48e273a210c3a	6d180f1b2be3c4904b699c11a13ee827e5405fd2f2ce05041da48e273a210c3a	I0_UNCHANGED	UNCHANGED_FROM_I0_BASELINE	no	no
internal/database/migrations/0002_auth_secrets.sql	9b3cd90b34db8d76b5d753e3049a9a3cf1bd529a059150411f3aac0a39b13c72	9b3cd90b34db8d76b5d753e3049a9a3cf1bd529a059150411f3aac0a39b13c72	9b3cd90b34db8d76b5d753e3049a9a3cf1bd529a059150411f3aac0a39b13c72	9b3cd90b34db8d76b5d753e3049a9a3cf1bd529a059150411f3aac0a39b13c72	I0_UNCHANGED	UNCHANGED_FROM_I0_BASELINE	no	no
internal/database/migrations/0003_authentication.sql	0c18e34f1e5082a506abae56d466c7e03839d180440d30007d0bd425c34682fe	0c18e34f1e5082a506abae56d466c7e03839d180440d30007d0bd425c34682fe	0c18e34f1e5082a506abae56d466c7e03839d180440d30007d0bd425c34682fe	0c18e34f1e5082a506abae56d466c7e03839d180440d30007d0bd425c34682fe	I0_UNCHANGED	UNCHANGED_FROM_I0_BASELINE	no	no
internal/database/migrations/0004_projects.sql	ABSENT	69f5f11d6c186258c067aec98a6ffb0fab92fb1043d7743681ee0e01908763bc	69f5f11d6c186258c067aec98a6ffb0fab92fb1043d7743681ee0e01908763bc	69f5f11d6c186258c067aec98a6ffb0fab92fb1043d7743681ee0e01908763bc	APPLIED_SOURCE_EXACT	SOURCE_EXACT_UNCHANGED_AFTER_I1	yes	yes
internal/database/postgres_test.go	34b040942bb7180510477f4d5766ae262044884a0b867f2c1b209cc9919de465	7a3fcd0cdddac327eb8bab975ded9562082b994151fbe331c7ec060d0e34050d	7a3fcd0cdddac327eb8bab975ded9562082b994151fbe331c7ec060d0e34050d	7a3fcd0cdddac327eb8bab975ded9562082b994151fbe331c7ec060d0e34050d	APPLIED_SOURCE_EXACT	SOURCE_EXACT_UNCHANGED_AFTER_I1	yes	yes
internal/database/utc_test.go	56e501fdaac18f4eec58e030eb919376143d8e2e107c1635dfd4745096c80026	56e501fdaac18f4eec58e030eb919376143d8e2e107c1635dfd4745096c80026	56e501fdaac18f4eec58e030eb919376143d8e2e107c1635dfd4745096c80026	56e501fdaac18f4eec58e030eb919376143d8e2e107c1635dfd4745096c80026	I0_UNCHANGED	UNCHANGED_FROM_I0_BASELINE	no	no
internal/github/app.go	e72169e4c88948dcce0a84be030ec0b27f049553d55a4d433360e29a952cdaef	e72169e4c88948dcce0a84be030ec0b27f049553d55a4d433360e29a952cdaef	e72169e4c88948dcce0a84be030ec0b27f049553d55a4d433360e29a952cdaef	e72169e4c88948dcce0a84be030ec0b27f049553d55a4d433360e29a952cdaef	I0_UNCHANGED	UNCHANGED_FROM_I0_BASELINE	no	no
internal/github/app_test.go	8cc4c8f0fe6165eebf56a2ccda8228a1cf05cf0ab5c9bef83f9e99556ed3fdfc	8cc4c8f0fe6165eebf56a2ccda8228a1cf05cf0ab5c9bef83f9e99556ed3fdfc	8cc4c8f0fe6165eebf56a2ccda8228a1cf05cf0ab5c9bef83f9e99556ed3fdfc	8cc4c8f0fe6165eebf56a2ccda8228a1cf05cf0ab5c9bef83f9e99556ed3fdfc	I0_UNCHANGED	UNCHANGED_FROM_I0_BASELINE	no	no
internal/github/client.go	16a78385d63afd141233898d332078918bed75c80643ef51e5453fde961fd45d	16a78385d63afd141233898d332078918bed75c80643ef51e5453fde961fd45d	16a78385d63afd141233898d332078918bed75c80643ef51e5453fde961fd45d	16a78385d63afd141233898d332078918bed75c80643ef51e5453fde961fd45d	I0_UNCHANGED	UNCHANGED_FROM_I0_BASELINE	no	no
internal/github/client_test.go	a32ef20c59f156cad430d578531ff11fd6f66cf1f88c95f28a07bc147c519c10	a32ef20c59f156cad430d578531ff11fd6f66cf1f88c95f28a07bc147c519c10	a32ef20c59f156cad430d578531ff11fd6f66cf1f88c95f28a07bc147c519c10	a32ef20c59f156cad430d578531ff11fd6f66cf1f88c95f28a07bc147c519c10	I0_UNCHANGED	UNCHANGED_FROM_I0_BASELINE	no	no
internal/github/oauth.go	aac36d3872b279f2bfa4b602a1436d27c1905cd5e94262d2adce42a668322db5	aac36d3872b279f2bfa4b602a1436d27c1905cd5e94262d2adce42a668322db5	aac36d3872b279f2bfa4b602a1436d27c1905cd5e94262d2adce42a668322db5	aac36d3872b279f2bfa4b602a1436d27c1905cd5e94262d2adce42a668322db5	I0_UNCHANGED	UNCHANGED_FROM_I0_BASELINE	no	no
internal/github/oauth_test.go	e4c14ea203b39816f4456582b4b587dbb3cdef8543ae3f0eddb4cf29e1095094	e4c14ea203b39816f4456582b4b587dbb3cdef8543ae3f0eddb4cf29e1095094	e4c14ea203b39816f4456582b4b587dbb3cdef8543ae3f0eddb4cf29e1095094	e4c14ea203b39816f4456582b4b587dbb3cdef8543ae3f0eddb4cf29e1095094	I0_UNCHANGED	UNCHANGED_FROM_I0_BASELINE	no	no
internal/github/repositories.go	2d53a685359649d22c73678216aff57ed7b96fb5fb25e103472b2d4e9f5d563f	2d53a685359649d22c73678216aff57ed7b96fb5fb25e103472b2d4e9f5d563f	2d53a685359649d22c73678216aff57ed7b96fb5fb25e103472b2d4e9f5d563f	2d53a685359649d22c73678216aff57ed7b96fb5fb25e103472b2d4e9f5d563f	I0_UNCHANGED	UNCHANGED_FROM_I0_BASELINE	no	no
internal/github/repositories_test.go	08523db3854321fbb709ebfa9f20c3bfd71254e6f4f1e237b97dc28cda3db7f9	08523db3854321fbb709ebfa9f20c3bfd71254e6f4f1e237b97dc28cda3db7f9	08523db3854321fbb709ebfa9f20c3bfd71254e6f4f1e237b97dc28cda3db7f9	08523db3854321fbb709ebfa9f20c3bfd71254e6f4f1e237b97dc28cda3db7f9	I0_UNCHANGED	UNCHANGED_FROM_I0_BASELINE	no	no
internal/jsoninput/decode.go	7a59d4d1acfb4bb54332713fed65a6ef00feac1704d55b04a19324a0e357bf66	b78784c21aaecee43922875545e6ba6896a8c567c2be8c38b8672b035fc743b8	b78784c21aaecee43922875545e6ba6896a8c567c2be8c38b8672b035fc743b8	b78784c21aaecee43922875545e6ba6896a8c567c2be8c38b8672b035fc743b8	APPLIED_SOURCE_EXACT	SOURCE_EXACT_UNCHANGED_AFTER_I1	yes	yes
internal/jsoninput/decode_test.go	188e15f2cc20200f0fb6beb6355343595f1927c5c1b1afb49a24f2964aedb028	09c826698ac76a5354fea28267ff506964bbca3a95bd3e9491965add13efde21	09c826698ac76a5354fea28267ff506964bbca3a95bd3e9491965add13efde21	09c826698ac76a5354fea28267ff506964bbca3a95bd3e9491965add13efde21	APPLIED_SOURCE_EXACT	SOURCE_EXACT_UNCHANGED_AFTER_I1	yes	yes
internal/projects/input.go	ABSENT	766702cfc90e5c9d86ac8651fd69d2d7ab5be0e3c8086fad051df15a6fb3c8ac	766702cfc90e5c9d86ac8651fd69d2d7ab5be0e3c8086fad051df15a6fb3c8ac	766702cfc90e5c9d86ac8651fd69d2d7ab5be0e3c8086fad051df15a6fb3c8ac	APPLIED_SOURCE_EXACT	SOURCE_EXACT_UNCHANGED_AFTER_I1	yes	yes
internal/projects/input_test.go	ABSENT	da1cc0df362c735590c65af23835529bf3f43e342fe3f939ee5b055464bbce40	da1cc0df362c735590c65af23835529bf3f43e342fe3f939ee5b055464bbce40	da1cc0df362c735590c65af23835529bf3f43e342fe3f939ee5b055464bbce40	APPLIED_SOURCE_EXACT	SOURCE_EXACT_UNCHANGED_AFTER_I1	yes	yes
internal/projects/postgres_test.go	ABSENT	6987fd85ed171f0c7c4b8216718e7aae0db549c0f68f17cd472ea6ec32704498	6987fd85ed171f0c7c4b8216718e7aae0db549c0f68f17cd472ea6ec32704498	6987fd85ed171f0c7c4b8216718e7aae0db549c0f68f17cd472ea6ec32704498	APPLIED_SOURCE_EXACT	SOURCE_EXACT_UNCHANGED_AFTER_I1	yes	yes
internal/projects/service.go	ABSENT	3c19cc4736ce9d1617dcacd2533c2ca62fb7be45b1cd867ee6cf7eec17eee20c	3c19cc4736ce9d1617dcacd2533c2ca62fb7be45b1cd867ee6cf7eec17eee20c	ad1f07d5bccdde3776258eae5c41a511196e3dd77cc33ed6ff8710f9289c6fc9	APPLIED_SOURCE_EXACT	ASTRA_APPROVED_I2_PROFILE_ROWS_CLOSE	yes	yes
internal/projects/storage.go	ABSENT	a2f13194639616830f4da7b381be21024416b5045e38e8c86ad96d5108d8344e	a2f13194639616830f4da7b381be21024416b5045e38e8c86ad96d5108d8344e	a2f13194639616830f4da7b381be21024416b5045e38e8c86ad96d5108d8344e	APPLIED_SOURCE_EXACT	SOURCE_EXACT_UNCHANGED_AFTER_I1	yes	yes
internal/projects/types.go	ABSENT	69b5a5eea9c20dfce2f70e8c599a8c10b77a148f41d4a72ec4e9c04fd7f604ce	69b5a5eea9c20dfce2f70e8c599a8c10b77a148f41d4a72ec4e9c04fd7f604ce	69b5a5eea9c20dfce2f70e8c599a8c10b77a148f41d4a72ec4e9c04fd7f604ce	APPLIED_SOURCE_EXACT	SOURCE_EXACT_UNCHANGED_AFTER_I1	yes	yes
internal/secrets/crypto.go	9f1579e64b21bbb4d1cc54dc2d6cfdea8fe44d2776a3dc2cb12884e504a186d9	9f1579e64b21bbb4d1cc54dc2d6cfdea8fe44d2776a3dc2cb12884e504a186d9	9f1579e64b21bbb4d1cc54dc2d6cfdea8fe44d2776a3dc2cb12884e504a186d9	9f1579e64b21bbb4d1cc54dc2d6cfdea8fe44d2776a3dc2cb12884e504a186d9	I0_UNCHANGED	UNCHANGED_FROM_I0_BASELINE	no	no
internal/secrets/crypto_test.go	70d45251f779a732fb9cb0daaa691c4eacbb16b2c7b72d1d16046aca965a678d	70d45251f779a732fb9cb0daaa691c4eacbb16b2c7b72d1d16046aca965a678d	70d45251f779a732fb9cb0daaa691c4eacbb16b2c7b72d1d16046aca965a678d	70d45251f779a732fb9cb0daaa691c4eacbb16b2c7b72d1d16046aca965a678d	I0_UNCHANGED	UNCHANGED_FROM_I0_BASELINE	no	no
internal/secrets/inspection.go	ABSENT	cebb0be302d6365f2cb8774af6882bab1bac472385f89456016efd566656203e	cebb0be302d6365f2cb8774af6882bab1bac472385f89456016efd566656203e	cebb0be302d6365f2cb8774af6882bab1bac472385f89456016efd566656203e	APPLIED_SOURCE_EXACT	SOURCE_EXACT_UNCHANGED_AFTER_I1	yes	yes
internal/secrets/postgres_test.go	75b29eefdc25b6fb9a065eb1bb2cbc968f9eaf0110556675a738d602022a9700	75b29eefdc25b6fb9a065eb1bb2cbc968f9eaf0110556675a738d602022a9700	75b29eefdc25b6fb9a065eb1bb2cbc968f9eaf0110556675a738d602022a9700	75b29eefdc25b6fb9a065eb1bb2cbc968f9eaf0110556675a738d602022a9700	I0_UNCHANGED	UNCHANGED_FROM_I0_BASELINE	no	no
internal/secrets/root_other.go	07a3805b9a5236e11055768b4c12bacfdd3d4c2c2854e453e1343a038ac03235	07a3805b9a5236e11055768b4c12bacfdd3d4c2c2854e453e1343a038ac03235	07a3805b9a5236e11055768b4c12bacfdd3d4c2c2854e453e1343a038ac03235	07a3805b9a5236e11055768b4c12bacfdd3d4c2c2854e453e1343a038ac03235	I0_UNCHANGED	UNCHANGED_FROM_I0_BASELINE	no	no
internal/secrets/root_unix.go	c7208a4efa5be840ce6864723d741f511bcae0943196f456bc687601410a8b90	c7208a4efa5be840ce6864723d741f511bcae0943196f456bc687601410a8b90	c7208a4efa5be840ce6864723d741f511bcae0943196f456bc687601410a8b90	c7208a4efa5be840ce6864723d741f511bcae0943196f456bc687601410a8b90	I0_UNCHANGED	UNCHANGED_FROM_I0_BASELINE	no	no
internal/secrets/root_unix_test.go	39cdf2b96b22873028164cee47f827d972acde45b038e36ec5933508e657bc6e	39cdf2b96b22873028164cee47f827d972acde45b038e36ec5933508e657bc6e	39cdf2b96b22873028164cee47f827d972acde45b038e36ec5933508e657bc6e	39cdf2b96b22873028164cee47f827d972acde45b038e36ec5933508e657bc6e	I0_UNCHANGED	UNCHANGED_FROM_I0_BASELINE	no	no
internal/secrets/roots.go	5b83a51a1e1584f2b07769e29cfd1e400dfaa0607e8349c7c05997e909e0db1e	5b83a51a1e1584f2b07769e29cfd1e400dfaa0607e8349c7c05997e909e0db1e	5b83a51a1e1584f2b07769e29cfd1e400dfaa0607e8349c7c05997e909e0db1e	5b83a51a1e1584f2b07769e29cfd1e400dfaa0607e8349c7c05997e909e0db1e	I0_UNCHANGED	UNCHANGED_FROM_I0_BASELINE	no	no
internal/secrets/rotation_postgres_test.go	0f48b3811d5b504760d2145ea66dfb98fcb05f47c6c8755cbb80c3e1d148b765	0f48b3811d5b504760d2145ea66dfb98fcb05f47c6c8755cbb80c3e1d148b765	0f48b3811d5b504760d2145ea66dfb98fcb05f47c6c8755cbb80c3e1d148b765	0f48b3811d5b504760d2145ea66dfb98fcb05f47c6c8755cbb80c3e1d148b765	I0_UNCHANGED	UNCHANGED_FROM_I0_BASELINE	no	no
internal/secrets/store.go	6cb2a786093309370efc5a10f6fd83fd8d0edff84efc65de2df68c917ad89a5f	6cb2a786093309370efc5a10f6fd83fd8d0edff84efc65de2df68c917ad89a5f	6cb2a786093309370efc5a10f6fd83fd8d0edff84efc65de2df68c917ad89a5f	6cb2a786093309370efc5a10f6fd83fd8d0edff84efc65de2df68c917ad89a5f	I0_UNCHANGED	UNCHANGED_FROM_I0_BASELINE	no	no
internal/testdb/postgres.go	591794fff69d9e573b681773907ea1e0665ff039a6c3638a8c9a95f8f45f82f8	591794fff69d9e573b681773907ea1e0665ff039a6c3638a8c9a95f8f45f82f8	591794fff69d9e573b681773907ea1e0665ff039a6c3638a8c9a95f8f45f82f8	591794fff69d9e573b681773907ea1e0665ff039a6c3638a8c9a95f8f45f82f8	I0_UNCHANGED	UNCHANGED_FROM_I0_BASELINE	no	no
internal/web/auth.go	da1fd948a4e58e86fb4e563b0045f86aad5dcf1a72b1206cca2c657414935033	da1fd948a4e58e86fb4e563b0045f86aad5dcf1a72b1206cca2c657414935033	da1fd948a4e58e86fb4e563b0045f86aad5dcf1a72b1206cca2c657414935033	da1fd948a4e58e86fb4e563b0045f86aad5dcf1a72b1206cca2c657414935033	I0_UNCHANGED	UNCHANGED_FROM_I0_BASELINE	no	no
internal/web/auth_test.go	6a18efc45c662a943c69c88a027ba3249cb1c94e1c7e6e8edeee395ca8305391	6a18efc45c662a943c69c88a027ba3249cb1c94e1c7e6e8edeee395ca8305391	6a18efc45c662a943c69c88a027ba3249cb1c94e1c7e6e8edeee395ca8305391	6a18efc45c662a943c69c88a027ba3249cb1c94e1c7e6e8edeee395ca8305391	I0_UNCHANGED	UNCHANGED_FROM_I0_BASELINE	no	no
internal/web/project_browser_test.go	ABSENT	530171f013c89dc6a72a0161e993b3aa2205b57c86abde9400b961b3c3e73b33	530171f013c89dc6a72a0161e993b3aa2205b57c86abde9400b961b3c3e73b33	259cedcc0ffc32784e554cf9c85b7613a298bd28eb5882bc26e8f72b10446680	APPLIED_SOURCE_EXACT	ASTRA_APPROVED_I2_PG_HTTP_FIXTURE	yes	yes
internal/web/project_process_test.go	ABSENT	0974cb5fd69c486ab19c5ce86f7277326bfd6b08acd0289b3d1fc9ea041a1d4a	0974cb5fd69c486ab19c5ce86f7277326bfd6b08acd0289b3d1fc9ea041a1d4a	0974cb5fd69c486ab19c5ce86f7277326bfd6b08acd0289b3d1fc9ea041a1d4a	APPLIED_SOURCE_EXACT	SOURCE_EXACT_UNCHANGED_AFTER_I1	yes	yes
internal/web/projects.go	ABSENT	150bb766dc9bc4f3a7347e4cccb9fda64635a93d3401d87a55616b9460e87054	150bb766dc9bc4f3a7347e4cccb9fda64635a93d3401d87a55616b9460e87054	150bb766dc9bc4f3a7347e4cccb9fda64635a93d3401d87a55616b9460e87054	APPLIED_SOURCE_EXACT	SOURCE_EXACT_UNCHANGED_AFTER_I1	yes	yes
internal/web/server.go	ae30dc0061bd87633cbae7bf430359fd7c0c5366550f0fcf62f9cdada05cdf5d	d4cb0d947209659b931b90575f67c8a569f95df1209a3c4d8b9b9c97f5818d22	d4cb0d947209659b931b90575f67c8a569f95df1209a3c4d8b9b9c97f5818d22	d4cb0d947209659b931b90575f67c8a569f95df1209a3c4d8b9b9c97f5818d22	APPLIED_SOURCE_EXACT	SOURCE_EXACT_UNCHANGED_AFTER_I1	yes	yes
internal/web/server_test.go	c43d82882af5cecd88f4fb2274251ed0cdcce62e922bf8ee1374b7532770b24d	42ca905f7fd11f6f9901daf683650f88f6184a9608c32d53231cc2064a24cf70	42ca905f7fd11f6f9901daf683650f88f6184a9608c32d53231cc2064a24cf70	42ca905f7fd11f6f9901daf683650f88f6184a9608c32d53231cc2064a24cf70	APPLIED_SOURCE_EXACT	SOURCE_EXACT_UNCHANGED_AFTER_I1	yes	yes
plugins/pstack/.claude-plugin/plugin.json	d84e4b60cadd8fa1f9d9a5bcc83abd9215cdd7b3a1c4f5fc609565caec0de791	d84e4b60cadd8fa1f9d9a5bcc83abd9215cdd7b3a1c4f5fc609565caec0de791	d84e4b60cadd8fa1f9d9a5bcc83abd9215cdd7b3a1c4f5fc609565caec0de791	d84e4b60cadd8fa1f9d9a5bcc83abd9215cdd7b3a1c4f5fc609565caec0de791	I0_UNCHANGED	UNCHANGED_FROM_I0_BASELINE	no	no
plugins/pstack/.codex-plugin/plugin.json	2a049172f60ae26938760fe3503abd035e7689be282919687d205239c2479406	2a049172f60ae26938760fe3503abd035e7689be282919687d205239c2479406	2a049172f60ae26938760fe3503abd035e7689be282919687d205239c2479406	2a049172f60ae26938760fe3503abd035e7689be282919687d205239c2479406	I0_UNCHANGED	UNCHANGED_FROM_I0_BASELINE	no	no
plugins/pstack/.codex-plugin/prompts/architect.md	6b525a2bc1c480ebffc9481e3abfe673d6b1f16ad96af04039875b74c2758046	6b525a2bc1c480ebffc9481e3abfe673d6b1f16ad96af04039875b74c2758046	6b525a2bc1c480ebffc9481e3abfe673d6b1f16ad96af04039875b74c2758046	6b525a2bc1c480ebffc9481e3abfe673d6b1f16ad96af04039875b74c2758046	I0_UNCHANGED	UNCHANGED_FROM_I0_BASELINE	no	no
plugins/pstack/.codex-plugin/prompts/arena.md	e7251e9128e374c0c6dd370b8b7e95f3f5435d7b9f0c94d45fdca07dbf079eb0	e7251e9128e374c0c6dd370b8b7e95f3f5435d7b9f0c94d45fdca07dbf079eb0	e7251e9128e374c0c6dd370b8b7e95f3f5435d7b9f0c94d45fdca07dbf079eb0	e7251e9128e374c0c6dd370b8b7e95f3f5435d7b9f0c94d45fdca07dbf079eb0	I0_UNCHANGED	UNCHANGED_FROM_I0_BASELINE	no	no
plugins/pstack/.codex-plugin/prompts/automate-me.md	3bf4e7b22df315165b0f404a5571dfa33733b4a1dd9e9dbffc3c6dab1ee1d909	3bf4e7b22df315165b0f404a5571dfa33733b4a1dd9e9dbffc3c6dab1ee1d909	3bf4e7b22df315165b0f404a5571dfa33733b4a1dd9e9dbffc3c6dab1ee1d909	3bf4e7b22df315165b0f404a5571dfa33733b4a1dd9e9dbffc3c6dab1ee1d909	I0_UNCHANGED	UNCHANGED_FROM_I0_BASELINE	no	no
plugins/pstack/.codex-plugin/prompts/babysit.md	d4ad4ea1d51444384093ab22e5ce718f2f0fcd284d3caa592c25b5d82c112e6b	d4ad4ea1d51444384093ab22e5ce718f2f0fcd284d3caa592c25b5d82c112e6b	d4ad4ea1d51444384093ab22e5ce718f2f0fcd284d3caa592c25b5d82c112e6b	d4ad4ea1d51444384093ab22e5ce718f2f0fcd284d3caa592c25b5d82c112e6b	I0_UNCHANGED	UNCHANGED_FROM_I0_BASELINE	no	no
plugins/pstack/.codex-plugin/prompts/blast-radius.md	bbd941e5a27fc8cd597213812388f65fb6058c204ceb290bbd0881eb5584c7ff	bbd941e5a27fc8cd597213812388f65fb6058c204ceb290bbd0881eb5584c7ff	bbd941e5a27fc8cd597213812388f65fb6058c204ceb290bbd0881eb5584c7ff	bbd941e5a27fc8cd597213812388f65fb6058c204ceb290bbd0881eb5584c7ff	I0_UNCHANGED	UNCHANGED_FROM_I0_BASELINE	no	no
plugins/pstack/.codex-plugin/prompts/bro.md	456676cd30731ab8f3f0d89395af49e418e52b99316842758cd13ad015149857	456676cd30731ab8f3f0d89395af49e418e52b99316842758cd13ad015149857	456676cd30731ab8f3f0d89395af49e418e52b99316842758cd13ad015149857	456676cd30731ab8f3f0d89395af49e418e52b99316842758cd13ad015149857	I0_UNCHANGED	UNCHANGED_FROM_I0_BASELINE	no	no
plugins/pstack/.codex-plugin/prompts/create-verification-skill.md	8bb2356c46c88c4c57efa44c79f8001c22f66dea599a5816c39c85dda0434f92	8bb2356c46c88c4c57efa44c79f8001c22f66dea599a5816c39c85dda0434f92	8bb2356c46c88c4c57efa44c79f8001c22f66dea599a5816c39c85dda0434f92	8bb2356c46c88c4c57efa44c79f8001c22f66dea599a5816c39c85dda0434f92	I0_UNCHANGED	UNCHANGED_FROM_I0_BASELINE	no	no
plugins/pstack/.codex-plugin/prompts/deslop.md	7297b6f5327c61f5e02bce9739c3464bc7378d3671f39ad3aae45788c886d0f3	7297b6f5327c61f5e02bce9739c3464bc7378d3671f39ad3aae45788c886d0f3	7297b6f5327c61f5e02bce9739c3464bc7378d3671f39ad3aae45788c886d0f3	7297b6f5327c61f5e02bce9739c3464bc7378d3671f39ad3aae45788c886d0f3	I0_UNCHANGED	UNCHANGED_FROM_I0_BASELINE	no	no
plugins/pstack/.codex-plugin/prompts/figure-it-out.md	8f4145babf431ef0691c48f1a33fd944c459f560cc1ef8b2e4140cccd644ed72	8f4145babf431ef0691c48f1a33fd944c459f560cc1ef8b2e4140cccd644ed72	8f4145babf431ef0691c48f1a33fd944c459f560cc1ef8b2e4140cccd644ed72	8f4145babf431ef0691c48f1a33fd944c459f560cc1ef8b2e4140cccd644ed72	I0_UNCHANGED	UNCHANGED_FROM_I0_BASELINE	no	no
plugins/pstack/.codex-plugin/prompts/fix-ci.md	ae4668f2474ee9695fd5a218dd276ff108955808b2b9009571b7f0f9f3adb052	ae4668f2474ee9695fd5a218dd276ff108955808b2b9009571b7f0f9f3adb052	ae4668f2474ee9695fd5a218dd276ff108955808b2b9009571b7f0f9f3adb052	ae4668f2474ee9695fd5a218dd276ff108955808b2b9009571b7f0f9f3adb052	I0_UNCHANGED	UNCHANGED_FROM_I0_BASELINE	no	no
plugins/pstack/.codex-plugin/prompts/fix-merge-conflicts.md	46ff9d9f244c2934b3f9237efc94d7d9be5015a6804999b6219407e84821c151	46ff9d9f244c2934b3f9237efc94d7d9be5015a6804999b6219407e84821c151	46ff9d9f244c2934b3f9237efc94d7d9be5015a6804999b6219407e84821c151	46ff9d9f244c2934b3f9237efc94d7d9be5015a6804999b6219407e84821c151	I0_UNCHANGED	UNCHANGED_FROM_I0_BASELINE	no	no
plugins/pstack/.codex-plugin/prompts/get-pr-comments.md	e1430061c5e9b101d1b8b36d5643cd2f9f80e8cfed84e0ff466fbf7166987667	e1430061c5e9b101d1b8b36d5643cd2f9f80e8cfed84e0ff466fbf7166987667	e1430061c5e9b101d1b8b36d5643cd2f9f80e8cfed84e0ff466fbf7166987667	e1430061c5e9b101d1b8b36d5643cd2f9f80e8cfed84e0ff466fbf7166987667	I0_UNCHANGED	UNCHANGED_FROM_I0_BASELINE	no	no
plugins/pstack/.codex-plugin/prompts/how.md	c54ac27dffd372cd452388ee764774c37e235a7ae3a5393aedf2ad66830ba18f	c54ac27dffd372cd452388ee764774c37e235a7ae3a5393aedf2ad66830ba18f	c54ac27dffd372cd452388ee764774c37e235a7ae3a5393aedf2ad66830ba18f	c54ac27dffd372cd452388ee764774c37e235a7ae3a5393aedf2ad66830ba18f	I0_UNCHANGED	UNCHANGED_FROM_I0_BASELINE	no	no
plugins/pstack/.codex-plugin/prompts/interrogate.md	b65f27d62af0d7ce9ec9f58add32f506037eebaf0f5602655f5098b49d5876a6	b65f27d62af0d7ce9ec9f58add32f506037eebaf0f5602655f5098b49d5876a6	b65f27d62af0d7ce9ec9f58add32f506037eebaf0f5602655f5098b49d5876a6	b65f27d62af0d7ce9ec9f58add32f506037eebaf0f5602655f5098b49d5876a6	I0_UNCHANGED	UNCHANGED_FROM_I0_BASELINE	no	no
plugins/pstack/.codex-plugin/prompts/maintain-verification-skill.md	4ce5f0521e45751496f2c1d111084a7556ee547e0d8a7505a76eea6d0ef2777b	4ce5f0521e45751496f2c1d111084a7556ee547e0d8a7505a76eea6d0ef2777b	4ce5f0521e45751496f2c1d111084a7556ee547e0d8a7505a76eea6d0ef2777b	4ce5f0521e45751496f2c1d111084a7556ee547e0d8a7505a76eea6d0ef2777b	I0_UNCHANGED	UNCHANGED_FROM_I0_BASELINE	no	no
plugins/pstack/.codex-plugin/prompts/make-pr-easy-to-review.md	670ac44dd06aa385171882cf13e527f0770804cf8c31be30200e8a967a38ac43	670ac44dd06aa385171882cf13e527f0770804cf8c31be30200e8a967a38ac43	670ac44dd06aa385171882cf13e527f0770804cf8c31be30200e8a967a38ac43	670ac44dd06aa385171882cf13e527f0770804cf8c31be30200e8a967a38ac43	I0_UNCHANGED	UNCHANGED_FROM_I0_BASELINE	no	no
plugins/pstack/.codex-plugin/prompts/no-comments.md	b323f42be385f8f9509692f7003b3e667e3358debb5980030b6472364c54eed6	b323f42be385f8f9509692f7003b3e667e3358debb5980030b6472364c54eed6	b323f42be385f8f9509692f7003b3e667e3358debb5980030b6472364c54eed6	b323f42be385f8f9509692f7003b3e667e3358debb5980030b6472364c54eed6	I0_UNCHANGED	UNCHANGED_FROM_I0_BASELINE	no	no
plugins/pstack/.codex-plugin/prompts/poteto-mode.md	a5fe0681f928fdf948e62ba031713050492ef22a69dc3134730e58bee507fd2f	a5fe0681f928fdf948e62ba031713050492ef22a69dc3134730e58bee507fd2f	a5fe0681f928fdf948e62ba031713050492ef22a69dc3134730e58bee507fd2f	a5fe0681f928fdf948e62ba031713050492ef22a69dc3134730e58bee507fd2f	I0_UNCHANGED	UNCHANGED_FROM_I0_BASELINE	no	no
plugins/pstack/.codex-plugin/prompts/recall.md	e35b63d0f59a112924c8ed63b84fc684a1dc6eb688d65923f4c89c60826f9b8e	e35b63d0f59a112924c8ed63b84fc684a1dc6eb688d65923f4c89c60826f9b8e	e35b63d0f59a112924c8ed63b84fc684a1dc6eb688d65923f4c89c60826f9b8e	e35b63d0f59a112924c8ed63b84fc684a1dc6eb688d65923f4c89c60826f9b8e	I0_UNCHANGED	UNCHANGED_FROM_I0_BASELINE	no	no
plugins/pstack/.codex-plugin/prompts/reflect.md	e54eafbdefbe372f518dcc4e3d041088b95f601962bdeffe54c13cef08517544	e54eafbdefbe372f518dcc4e3d041088b95f601962bdeffe54c13cef08517544	e54eafbdefbe372f518dcc4e3d041088b95f601962bdeffe54c13cef08517544	e54eafbdefbe372f518dcc4e3d041088b95f601962bdeffe54c13cef08517544	I0_UNCHANGED	UNCHANGED_FROM_I0_BASELINE	no	no
plugins/pstack/.codex-plugin/prompts/setup-pstack.md	3e46b30c2ff4e657495127ce28ba3ae21e00a9d93cc7006d383078a270779f3b	3e46b30c2ff4e657495127ce28ba3ae21e00a9d93cc7006d383078a270779f3b	3e46b30c2ff4e657495127ce28ba3ae21e00a9d93cc7006d383078a270779f3b	3e46b30c2ff4e657495127ce28ba3ae21e00a9d93cc7006d383078a270779f3b	I0_UNCHANGED	UNCHANGED_FROM_I0_BASELINE	no	no
plugins/pstack/.codex-plugin/prompts/show-me-your-work.md	2fd17388b0d50327101071a38e2ea9fe318becf35527b8d283123eef52050ad0	2fd17388b0d50327101071a38e2ea9fe318becf35527b8d283123eef52050ad0	2fd17388b0d50327101071a38e2ea9fe318becf35527b8d283123eef52050ad0	2fd17388b0d50327101071a38e2ea9fe318becf35527b8d283123eef52050ad0	I0_UNCHANGED	UNCHANGED_FROM_I0_BASELINE	no	no
plugins/pstack/.codex-plugin/prompts/swarm.md	94114da017ec7c183979d959052ef0b2be18d76b8450e0a8d8b33ac66442a135	94114da017ec7c183979d959052ef0b2be18d76b8450e0a8d8b33ac66442a135	94114da017ec7c183979d959052ef0b2be18d76b8450e0a8d8b33ac66442a135	94114da017ec7c183979d959052ef0b2be18d76b8450e0a8d8b33ac66442a135	I0_UNCHANGED	UNCHANGED_FROM_I0_BASELINE	no	no
plugins/pstack/.codex-plugin/prompts/tdd.md	29516bb769d0b0ae7dda3d0d473f26f168ef5dee197139d271b509df36ece6c5	29516bb769d0b0ae7dda3d0d473f26f168ef5dee197139d271b509df36ece6c5	29516bb769d0b0ae7dda3d0d473f26f168ef5dee197139d271b509df36ece6c5	29516bb769d0b0ae7dda3d0d473f26f168ef5dee197139d271b509df36ece6c5	I0_UNCHANGED	UNCHANGED_FROM_I0_BASELINE	no	no
plugins/pstack/.codex-plugin/prompts/teach.md	c5559f038dcd6a631edbd9fc0a51de58f315f7c2440814023e3fbf77a22aec24	c5559f038dcd6a631edbd9fc0a51de58f315f7c2440814023e3fbf77a22aec24	c5559f038dcd6a631edbd9fc0a51de58f315f7c2440814023e3fbf77a22aec24	c5559f038dcd6a631edbd9fc0a51de58f315f7c2440814023e3fbf77a22aec24	I0_UNCHANGED	UNCHANGED_FROM_I0_BASELINE	no	no
plugins/pstack/.codex-plugin/prompts/technical-writing.md	25065a74086809f538cd357b91fd45fbb1bcab9831a42c243516ec19acd9c752	25065a74086809f538cd357b91fd45fbb1bcab9831a42c243516ec19acd9c752	25065a74086809f538cd357b91fd45fbb1bcab9831a42c243516ec19acd9c752	25065a74086809f538cd357b91fd45fbb1bcab9831a42c243516ec19acd9c752	I0_UNCHANGED	UNCHANGED_FROM_I0_BASELINE	no	no
plugins/pstack/.codex-plugin/prompts/thermo-nuclear-code-quality-review.md	8fd41bb75798179f3bd5b3ea66ac37a284dabbe1edc827d00c7f0609d8a6919b	8fd41bb75798179f3bd5b3ea66ac37a284dabbe1edc827d00c7f0609d8a6919b	8fd41bb75798179f3bd5b3ea66ac37a284dabbe1edc827d00c7f0609d8a6919b	8fd41bb75798179f3bd5b3ea66ac37a284dabbe1edc827d00c7f0609d8a6919b	I0_UNCHANGED	UNCHANGED_FROM_I0_BASELINE	no	no
plugins/pstack/.codex-plugin/prompts/typescript-best-practices.md	0523df103362f8b98ea5c2b3da6460a3d940db16b89b75efce6278658d5dd747	0523df103362f8b98ea5c2b3da6460a3d940db16b89b75efce6278658d5dd747	0523df103362f8b98ea5c2b3da6460a3d940db16b89b75efce6278658d5dd747	0523df103362f8b98ea5c2b3da6460a3d940db16b89b75efce6278658d5dd747	I0_UNCHANGED	UNCHANGED_FROM_I0_BASELINE	no	no
plugins/pstack/.codex-plugin/prompts/unslop.md	81351af4a4de4d0e119dc28d3dcb1c29f40f1e716d9a13e5c2330b4cc4ab72b6	81351af4a4de4d0e119dc28d3dcb1c29f40f1e716d9a13e5c2330b4cc4ab72b6	81351af4a4de4d0e119dc28d3dcb1c29f40f1e716d9a13e5c2330b4cc4ab72b6	81351af4a4de4d0e119dc28d3dcb1c29f40f1e716d9a13e5c2330b4cc4ab72b6	I0_UNCHANGED	UNCHANGED_FROM_I0_BASELINE	no	no
plugins/pstack/.codex-plugin/prompts/what-did-i-get-done.md	8bf4f7ae45124ed0e5c002f258ba46c68790f58c7716d83c679de8cdcdc33b08	8bf4f7ae45124ed0e5c002f258ba46c68790f58c7716d83c679de8cdcdc33b08	8bf4f7ae45124ed0e5c002f258ba46c68790f58c7716d83c679de8cdcdc33b08	8bf4f7ae45124ed0e5c002f258ba46c68790f58c7716d83c679de8cdcdc33b08	I0_UNCHANGED	UNCHANGED_FROM_I0_BASELINE	no	no
plugins/pstack/.codex-plugin/prompts/why.md	749f002c5d59a619d0ee3bd4b54c2e9c56aa9ef23b955cc26a5d5e4cce98a0eb	749f002c5d59a619d0ee3bd4b54c2e9c56aa9ef23b955cc26a5d5e4cce98a0eb	749f002c5d59a619d0ee3bd4b54c2e9c56aa9ef23b955cc26a5d5e4cce98a0eb	749f002c5d59a619d0ee3bd4b54c2e9c56aa9ef23b955cc26a5d5e4cce98a0eb	I0_UNCHANGED	UNCHANGED_FROM_I0_BASELINE	no	no
plugins/pstack/.gitattributes	92c49e173e4b7387f153aaed3077380bd73089d21a718f8a2f31ef745842e5b5	92c49e173e4b7387f153aaed3077380bd73089d21a718f8a2f31ef745842e5b5	92c49e173e4b7387f153aaed3077380bd73089d21a718f8a2f31ef745842e5b5	92c49e173e4b7387f153aaed3077380bd73089d21a718f8a2f31ef745842e5b5	I0_UNCHANGED	UNCHANGED_FROM_I0_BASELINE	no	no
plugins/pstack/LICENSE	bc957ca6bee02792566a1a028d105e02e247c6e77cf057061674273da77b200e	bc957ca6bee02792566a1a028d105e02e247c6e77cf057061674273da77b200e	bc957ca6bee02792566a1a028d105e02e247c6e77cf057061674273da77b200e	bc957ca6bee02792566a1a028d105e02e247c6e77cf057061674273da77b200e	I0_UNCHANGED	UNCHANGED_FROM_I0_BASELINE	no	no
plugins/pstack/LICENSE-cursor-team-kit	702f5f331b56aff0e33d8c7826df5202559f894145eb70355c6477b55b5bb8a0	702f5f331b56aff0e33d8c7826df5202559f894145eb70355c6477b55b5bb8a0	702f5f331b56aff0e33d8c7826df5202559f894145eb70355c6477b55b5bb8a0	702f5f331b56aff0e33d8c7826df5202559f894145eb70355c6477b55b5bb8a0	I0_UNCHANGED	UNCHANGED_FROM_I0_BASELINE	no	no
plugins/pstack/NOTICE.md	94ec5b12fa8b1ea0edd6cd816cccd51ba6d3343d903744cd07aaa128f8a506c9	94ec5b12fa8b1ea0edd6cd816cccd51ba6d3343d903744cd07aaa128f8a506c9	94ec5b12fa8b1ea0edd6cd816cccd51ba6d3343d903744cd07aaa128f8a506c9	94ec5b12fa8b1ea0edd6cd816cccd51ba6d3343d903744cd07aaa128f8a506c9	I0_UNCHANGED	UNCHANGED_FROM_I0_BASELINE	no	no
plugins/pstack/agents/comment-sicko.md	3e239e40b7b4b9beb2cf7f3ccc57f2388eb8b69bd1ba8ae888ef87ef6e0e2116	3e239e40b7b4b9beb2cf7f3ccc57f2388eb8b69bd1ba8ae888ef87ef6e0e2116	3e239e40b7b4b9beb2cf7f3ccc57f2388eb8b69bd1ba8ae888ef87ef6e0e2116	3e239e40b7b4b9beb2cf7f3ccc57f2388eb8b69bd1ba8ae888ef87ef6e0e2116	I0_UNCHANGED	UNCHANGED_FROM_I0_BASELINE	no	no
plugins/pstack/agents/poteto-agent.md	31c7ea4c51a865168ca3cf66a16dd067afea35bc4ae635615372d1d6a4baefd4	31c7ea4c51a865168ca3cf66a16dd067afea35bc4ae635615372d1d6a4baefd4	31c7ea4c51a865168ca3cf66a16dd067afea35bc4ae635615372d1d6a4baefd4	31c7ea4c51a865168ca3cf66a16dd067afea35bc4ae635615372d1d6a4baefd4	I0_UNCHANGED	UNCHANGED_FROM_I0_BASELINE	no	no
plugins/pstack/hooks/hooks.json	4546a0b498b1a4d2babd7967a5b0e713a9fb761e6d8f44d0a9df5c34802c5ed8	4546a0b498b1a4d2babd7967a5b0e713a9fb761e6d8f44d0a9df5c34802c5ed8	4546a0b498b1a4d2babd7967a5b0e713a9fb761e6d8f44d0a9df5c34802c5ed8	4546a0b498b1a4d2babd7967a5b0e713a9fb761e6d8f44d0a9df5c34802c5ed8	I0_UNCHANGED	UNCHANGED_FROM_I0_BASELINE	no	no
plugins/pstack/hooks/session-start-context.md	fe278d1d9520968f76382b95bc9f73cc01dbb91f26c0242ae426f8bfdb556db8	fe278d1d9520968f76382b95bc9f73cc01dbb91f26c0242ae426f8bfdb556db8	fe278d1d9520968f76382b95bc9f73cc01dbb91f26c0242ae426f8bfdb556db8	fe278d1d9520968f76382b95bc9f73cc01dbb91f26c0242ae426f8bfdb556db8	I0_UNCHANGED	UNCHANGED_FROM_I0_BASELINE	no	no
plugins/pstack/models.json	af0f889847567b27c342898c8340086b546ad8891ab31d08ba16500496fd0933	af0f889847567b27c342898c8340086b546ad8891ab31d08ba16500496fd0933	af0f889847567b27c342898c8340086b546ad8891ab31d08ba16500496fd0933	af0f889847567b27c342898c8340086b546ad8891ab31d08ba16500496fd0933	I0_UNCHANGED	UNCHANGED_FROM_I0_BASELINE	no	no
plugins/pstack/repomesh-source.json	c91ab076a4c119665e6b75d09cac018a576e64e1e0488b84d3068c167b791e99	c91ab076a4c119665e6b75d09cac018a576e64e1e0488b84d3068c167b791e99	c91ab076a4c119665e6b75d09cac018a576e64e1e0488b84d3068c167b791e99	c91ab076a4c119665e6b75d09cac018a576e64e1e0488b84d3068c167b791e99	I0_UNCHANGED	UNCHANGED_FROM_I0_BASELINE	no	no
plugins/pstack/skills/architect/SKILL.md	fa7cedb20117f46e80efade778c50302d099fc93d28469f50af24a6a1900bd4c	fa7cedb20117f46e80efade778c50302d099fc93d28469f50af24a6a1900bd4c	fa7cedb20117f46e80efade778c50302d099fc93d28469f50af24a6a1900bd4c	fa7cedb20117f46e80efade778c50302d099fc93d28469f50af24a6a1900bd4c	I0_UNCHANGED	UNCHANGED_FROM_I0_BASELINE	no	no
plugins/pstack/skills/architect/references/design-red-flags.md	905066f9bbac81c573c2b325be47751d2c0f9325e0a0772bd4384e82dafe9336	905066f9bbac81c573c2b325be47751d2c0f9325e0a0772bd4384e82dafe9336	905066f9bbac81c573c2b325be47751d2c0f9325e0a0772bd4384e82dafe9336	905066f9bbac81c573c2b325be47751d2c0f9325e0a0772bd4384e82dafe9336	I0_UNCHANGED	UNCHANGED_FROM_I0_BASELINE	no	no
plugins/pstack/skills/architect/references/rationale-template.md	6645a0e5f68c003298ec95b85a23262bdda0c79f998b926060169b54d9f23fbb	6645a0e5f68c003298ec95b85a23262bdda0c79f998b926060169b54d9f23fbb	6645a0e5f68c003298ec95b85a23262bdda0c79f998b926060169b54d9f23fbb	6645a0e5f68c003298ec95b85a23262bdda0c79f998b926060169b54d9f23fbb	I0_UNCHANGED	UNCHANGED_FROM_I0_BASELINE	no	no
plugins/pstack/skills/architect/references/runner-prompt.md	3ef8c1452a0382a15b7601c7c94f2a16a00954170d705b7af8cc49ac78080ec9	3ef8c1452a0382a15b7601c7c94f2a16a00954170d705b7af8cc49ac78080ec9	3ef8c1452a0382a15b7601c7c94f2a16a00954170d705b7af8cc49ac78080ec9	3ef8c1452a0382a15b7601c7c94f2a16a00954170d705b7af8cc49ac78080ec9	I0_UNCHANGED	UNCHANGED_FROM_I0_BASELINE	no	no
plugins/pstack/skills/arena/SKILL.md	a6db34a09d024f94239f91352211d7048a2eba3c9e756b35915e0de472c7a3b5	a6db34a09d024f94239f91352211d7048a2eba3c9e756b35915e0de472c7a3b5	a6db34a09d024f94239f91352211d7048a2eba3c9e756b35915e0de472c7a3b5	a6db34a09d024f94239f91352211d7048a2eba3c9e756b35915e0de472c7a3b5	I0_UNCHANGED	UNCHANGED_FROM_I0_BASELINE	no	no
plugins/pstack/skills/automate-me/SKILL.md	1dce59716a23ac59c54f1315b18678c82c45fa471412f73a4aff68d1233743c4	1dce59716a23ac59c54f1315b18678c82c45fa471412f73a4aff68d1233743c4	1dce59716a23ac59c54f1315b18678c82c45fa471412f73a4aff68d1233743c4	1dce59716a23ac59c54f1315b18678c82c45fa471412f73a4aff68d1233743c4	I0_UNCHANGED	UNCHANGED_FROM_I0_BASELINE	no	no
plugins/pstack/skills/babysit/SKILL.md	97ec7c67a833ff79331e86e8f3276abb6f7fa9a452f30b4034f77741237be527	97ec7c67a833ff79331e86e8f3276abb6f7fa9a452f30b4034f77741237be527	97ec7c67a833ff79331e86e8f3276abb6f7fa9a452f30b4034f77741237be527	97ec7c67a833ff79331e86e8f3276abb6f7fa9a452f30b4034f77741237be527	I0_UNCHANGED	UNCHANGED_FROM_I0_BASELINE	no	no
plugins/pstack/skills/blast-radius/SKILL.md	67e2ff52fbec693f01a750d7da9caeac0b66174835d9a312aabbb3854f7a50a4	67e2ff52fbec693f01a750d7da9caeac0b66174835d9a312aabbb3854f7a50a4	67e2ff52fbec693f01a750d7da9caeac0b66174835d9a312aabbb3854f7a50a4	67e2ff52fbec693f01a750d7da9caeac0b66174835d9a312aabbb3854f7a50a4	I0_UNCHANGED	UNCHANGED_FROM_I0_BASELINE	no	no
plugins/pstack/skills/bro/SKILL.md	18acb10aae040eb78058cb07f2f1e0ae607886b64c692082fc804cc6ce86f469	18acb10aae040eb78058cb07f2f1e0ae607886b64c692082fc804cc6ce86f469	18acb10aae040eb78058cb07f2f1e0ae607886b64c692082fc804cc6ce86f469	18acb10aae040eb78058cb07f2f1e0ae607886b64c692082fc804cc6ce86f469	I0_UNCHANGED	UNCHANGED_FROM_I0_BASELINE	no	no
plugins/pstack/skills/create-verification-skill/SKILL.md	b4feda534200cf6a17d23f16b6dc6432f60cd5d13816f32550f095f0c132cb5e	b4feda534200cf6a17d23f16b6dc6432f60cd5d13816f32550f095f0c132cb5e	b4feda534200cf6a17d23f16b6dc6432f60cd5d13816f32550f095f0c132cb5e	b4feda534200cf6a17d23f16b6dc6432f60cd5d13816f32550f095f0c132cb5e	I0_UNCHANGED	UNCHANGED_FROM_I0_BASELINE	no	no
plugins/pstack/skills/create-verification-skill/references/feature-map-example/README.md	cb7bd782cf89968a4ba3d58a5151db837430db92d19a6f52a906973b77b516ba	cb7bd782cf89968a4ba3d58a5151db837430db92d19a6f52a906973b77b516ba	cb7bd782cf89968a4ba3d58a5151db837430db92d19a6f52a906973b77b516ba	cb7bd782cf89968a4ba3d58a5151db837430db92d19a6f52a906973b77b516ba	I0_UNCHANGED	UNCHANGED_FROM_I0_BASELINE	no	no
plugins/pstack/skills/create-verification-skill/references/feature-map-example/create-note.md	644a44c74f35d38c2feb7cd05a0121fdebbb623e8dc376c185b565a581d1ccf7	644a44c74f35d38c2feb7cd05a0121fdebbb623e8dc376c185b565a581d1ccf7	644a44c74f35d38c2feb7cd05a0121fdebbb623e8dc376c185b565a581d1ccf7	644a44c74f35d38c2feb7cd05a0121fdebbb623e8dc376c185b565a581d1ccf7	I0_UNCHANGED	UNCHANGED_FROM_I0_BASELINE	no	no
plugins/pstack/skills/create-verification-skill/references/feature-map-example/search.md	6e87b9e7f2791a7776ba1bb83f371cd285c306c67f19d245cc4dd6ca3015c823	6e87b9e7f2791a7776ba1bb83f371cd285c306c67f19d245cc4dd6ca3015c823	6e87b9e7f2791a7776ba1bb83f371cd285c306c67f19d245cc4dd6ca3015c823	6e87b9e7f2791a7776ba1bb83f371cd285c306c67f19d245cc4dd6ca3015c823	I0_UNCHANGED	UNCHANGED_FROM_I0_BASELINE	no	no
plugins/pstack/skills/deslop/SKILL.md	2f7b7def74af7ed11f5b44b4d32f0f91fca8c5d1f92bf2171e8d12fd33a0f810	2f7b7def74af7ed11f5b44b4d32f0f91fca8c5d1f92bf2171e8d12fd33a0f810	2f7b7def74af7ed11f5b44b4d32f0f91fca8c5d1f92bf2171e8d12fd33a0f810	2f7b7def74af7ed11f5b44b4d32f0f91fca8c5d1f92bf2171e8d12fd33a0f810	I0_UNCHANGED	UNCHANGED_FROM_I0_BASELINE	no	no
plugins/pstack/skills/figure-it-out/SKILL.md	aa87afb2f145dbad082ed5ed7389ecc294c5ce63365583e894946aaf30ae6fe5	aa87afb2f145dbad082ed5ed7389ecc294c5ce63365583e894946aaf30ae6fe5	aa87afb2f145dbad082ed5ed7389ecc294c5ce63365583e894946aaf30ae6fe5	aa87afb2f145dbad082ed5ed7389ecc294c5ce63365583e894946aaf30ae6fe5	I0_UNCHANGED	UNCHANGED_FROM_I0_BASELINE	no	no
plugins/pstack/skills/fix-ci/SKILL.md	925f8c3e11de8bcc0cd015ec907f4d00b12cde6714246554ed3a52e096536522	925f8c3e11de8bcc0cd015ec907f4d00b12cde6714246554ed3a52e096536522	925f8c3e11de8bcc0cd015ec907f4d00b12cde6714246554ed3a52e096536522	925f8c3e11de8bcc0cd015ec907f4d00b12cde6714246554ed3a52e096536522	I0_UNCHANGED	UNCHANGED_FROM_I0_BASELINE	no	no
plugins/pstack/skills/fix-merge-conflicts/SKILL.md	738b251281b30fd33e3892d0679cf94249e9c9e29e1bed40bcdde4a6aca98a76	738b251281b30fd33e3892d0679cf94249e9c9e29e1bed40bcdde4a6aca98a76	738b251281b30fd33e3892d0679cf94249e9c9e29e1bed40bcdde4a6aca98a76	738b251281b30fd33e3892d0679cf94249e9c9e29e1bed40bcdde4a6aca98a76	I0_UNCHANGED	UNCHANGED_FROM_I0_BASELINE	no	no
plugins/pstack/skills/get-pr-comments/SKILL.md	8bf292736cab922276feb4d8377edc2fc4102a7beb62bcd1f3f5cf72a79b16cc	8bf292736cab922276feb4d8377edc2fc4102a7beb62bcd1f3f5cf72a79b16cc	8bf292736cab922276feb4d8377edc2fc4102a7beb62bcd1f3f5cf72a79b16cc	8bf292736cab922276feb4d8377edc2fc4102a7beb62bcd1f3f5cf72a79b16cc	I0_UNCHANGED	UNCHANGED_FROM_I0_BASELINE	no	no
plugins/pstack/skills/how/SKILL.md	e94d2fa767fbe910309f3120dabdb7cf0469d406c3d228a11498ca501e4b558f	e94d2fa767fbe910309f3120dabdb7cf0469d406c3d228a11498ca501e4b558f	e94d2fa767fbe910309f3120dabdb7cf0469d406c3d228a11498ca501e4b558f	e94d2fa767fbe910309f3120dabdb7cf0469d406c3d228a11498ca501e4b558f	I0_UNCHANGED	UNCHANGED_FROM_I0_BASELINE	no	no
plugins/pstack/skills/how/references/explainer-prompt.md	b63a53fb8f373a97eaf88dcc7b26e1ed04b79d69f997e19469c0f27490ed5b87	b63a53fb8f373a97eaf88dcc7b26e1ed04b79d69f997e19469c0f27490ed5b87	b63a53fb8f373a97eaf88dcc7b26e1ed04b79d69f997e19469c0f27490ed5b87	b63a53fb8f373a97eaf88dcc7b26e1ed04b79d69f997e19469c0f27490ed5b87	I0_UNCHANGED	UNCHANGED_FROM_I0_BASELINE	no	no
plugins/pstack/skills/how/references/explorer-prompt.md	3a6965276d23be7d8da6c305bfd5d7bf29d2aef09e5dae4119463ac72022a02d	3a6965276d23be7d8da6c305bfd5d7bf29d2aef09e5dae4119463ac72022a02d	3a6965276d23be7d8da6c305bfd5d7bf29d2aef09e5dae4119463ac72022a02d	3a6965276d23be7d8da6c305bfd5d7bf29d2aef09e5dae4119463ac72022a02d	I0_UNCHANGED	UNCHANGED_FROM_I0_BASELINE	no	no
plugins/pstack/skills/interrogate/SKILL.md	96c182953d2401840827d5af019cb915f06e07057e59a6f24aa002559a01d8af	96c182953d2401840827d5af019cb915f06e07057e59a6f24aa002559a01d8af	96c182953d2401840827d5af019cb915f06e07057e59a6f24aa002559a01d8af	96c182953d2401840827d5af019cb915f06e07057e59a6f24aa002559a01d8af	I0_UNCHANGED	UNCHANGED_FROM_I0_BASELINE	no	no
plugins/pstack/skills/interrogate/references/code-quality-review.md	2462f1347b99b412b04fcb0577b96d8744c801f792f2651746f9409fd4465dc9	2462f1347b99b412b04fcb0577b96d8744c801f792f2651746f9409fd4465dc9	2462f1347b99b412b04fcb0577b96d8744c801f792f2651746f9409fd4465dc9	2462f1347b99b412b04fcb0577b96d8744c801f792f2651746f9409fd4465dc9	I0_UNCHANGED	UNCHANGED_FROM_I0_BASELINE	no	no
plugins/pstack/skills/interrogate/references/lead-judgment.md	d2cea6cc308758201c6b8b82baf780947645f1ab752707ddf97fab374bf473f9	d2cea6cc308758201c6b8b82baf780947645f1ab752707ddf97fab374bf473f9	d2cea6cc308758201c6b8b82baf780947645f1ab752707ddf97fab374bf473f9	d2cea6cc308758201c6b8b82baf780947645f1ab752707ddf97fab374bf473f9	I0_UNCHANGED	UNCHANGED_FROM_I0_BASELINE	no	no
plugins/pstack/skills/interrogate/references/reviewer-prompt.md	a397cc61102add709803d917fb23d726920525bf23e7c06dc4ed0b5cbeb00e54	a397cc61102add709803d917fb23d726920525bf23e7c06dc4ed0b5cbeb00e54	a397cc61102add709803d917fb23d726920525bf23e7c06dc4ed0b5cbeb00e54	a397cc61102add709803d917fb23d726920525bf23e7c06dc4ed0b5cbeb00e54	I0_UNCHANGED	UNCHANGED_FROM_I0_BASELINE	no	no
plugins/pstack/skills/interrogate/references/rubric.md	a67bf02426f88714634ff481d667db821d4b2cea7b335bcd165fe3126e427fb5	a67bf02426f88714634ff481d667db821d4b2cea7b335bcd165fe3126e427fb5	a67bf02426f88714634ff481d667db821d4b2cea7b335bcd165fe3126e427fb5	a67bf02426f88714634ff481d667db821d4b2cea7b335bcd165fe3126e427fb5	I0_UNCHANGED	UNCHANGED_FROM_I0_BASELINE	no	no
plugins/pstack/skills/maintain-verification-skill/SKILL.md	8ea4f712628cbd6fb2a48faf6e09e03c27ee1d71b1316a3dfb5ac785b966ad4c	8ea4f712628cbd6fb2a48faf6e09e03c27ee1d71b1316a3dfb5ac785b966ad4c	8ea4f712628cbd6fb2a48faf6e09e03c27ee1d71b1316a3dfb5ac785b966ad4c	8ea4f712628cbd6fb2a48faf6e09e03c27ee1d71b1316a3dfb5ac785b966ad4c	I0_UNCHANGED	UNCHANGED_FROM_I0_BASELINE	no	no
plugins/pstack/skills/make-pr-easy-to-review/SKILL.md	e8da0d4a85b7c04823698f539251617389f827fd9137100ef7eaea5dcc992fe7	e8da0d4a85b7c04823698f539251617389f827fd9137100ef7eaea5dcc992fe7	e8da0d4a85b7c04823698f539251617389f827fd9137100ef7eaea5dcc992fe7	e8da0d4a85b7c04823698f539251617389f827fd9137100ef7eaea5dcc992fe7	I0_UNCHANGED	UNCHANGED_FROM_I0_BASELINE	no	no
plugins/pstack/skills/no-comments/SKILL.md	6de3c00a2a773ac982ad96fa74b10032133a7ca455d6902defeaf237105bfbad	6de3c00a2a773ac982ad96fa74b10032133a7ca455d6902defeaf237105bfbad	6de3c00a2a773ac982ad96fa74b10032133a7ca455d6902defeaf237105bfbad	6de3c00a2a773ac982ad96fa74b10032133a7ca455d6902defeaf237105bfbad	I0_UNCHANGED	UNCHANGED_FROM_I0_BASELINE	no	no
plugins/pstack/skills/poteto-mode/SKILL.md	29211c576b165bb77ece6c94ebf443e919fb34a3532e1e2f4e28fd1d0aabde95	29211c576b165bb77ece6c94ebf443e919fb34a3532e1e2f4e28fd1d0aabde95	29211c576b165bb77ece6c94ebf443e919fb34a3532e1e2f4e28fd1d0aabde95	29211c576b165bb77ece6c94ebf443e919fb34a3532e1e2f4e28fd1d0aabde95	I0_UNCHANGED	UNCHANGED_FROM_I0_BASELINE	no	no
plugins/pstack/skills/poteto-mode/playbooks/authoring-a-skill.md	f0344fd3c9627970f4a632d0169aef5ba28185072dbbce5eaff04ec6ef79c095	f0344fd3c9627970f4a632d0169aef5ba28185072dbbce5eaff04ec6ef79c095	f0344fd3c9627970f4a632d0169aef5ba28185072dbbce5eaff04ec6ef79c095	f0344fd3c9627970f4a632d0169aef5ba28185072dbbce5eaff04ec6ef79c095	I0_UNCHANGED	UNCHANGED_FROM_I0_BASELINE	no	no
plugins/pstack/skills/poteto-mode/playbooks/autonomous-run.md	a60ad3a185a1b1ac7bd6cbe9d0767a3bb9ff7f7353b484d8ec5eb76a3e7bc9f2	a60ad3a185a1b1ac7bd6cbe9d0767a3bb9ff7f7353b484d8ec5eb76a3e7bc9f2	a60ad3a185a1b1ac7bd6cbe9d0767a3bb9ff7f7353b484d8ec5eb76a3e7bc9f2	a60ad3a185a1b1ac7bd6cbe9d0767a3bb9ff7f7353b484d8ec5eb76a3e7bc9f2	I0_UNCHANGED	UNCHANGED_FROM_I0_BASELINE	no	no
plugins/pstack/skills/poteto-mode/playbooks/autopilot-full.md	101a9a48f430d82db73811eff768058b5951aea2634d59215f372b64298514e0	101a9a48f430d82db73811eff768058b5951aea2634d59215f372b64298514e0	101a9a48f430d82db73811eff768058b5951aea2634d59215f372b64298514e0	101a9a48f430d82db73811eff768058b5951aea2634d59215f372b64298514e0	I0_UNCHANGED	UNCHANGED_FROM_I0_BASELINE	no	no
plugins/pstack/skills/poteto-mode/playbooks/autopilot-stack.md	acdc8bc000c52ccd7e1ea91835c9cfb6fd4af9debfacdd12b5f43c7e492880fc	acdc8bc000c52ccd7e1ea91835c9cfb6fd4af9debfacdd12b5f43c7e492880fc	acdc8bc000c52ccd7e1ea91835c9cfb6fd4af9debfacdd12b5f43c7e492880fc	acdc8bc000c52ccd7e1ea91835c9cfb6fd4af9debfacdd12b5f43c7e492880fc	I0_UNCHANGED	UNCHANGED_FROM_I0_BASELINE	no	no
plugins/pstack/skills/poteto-mode/playbooks/babysit.md	6a16be898b69cf72b05ae1909cf00b7b683d1a7b6839905bf453d2bfed465234	6a16be898b69cf72b05ae1909cf00b7b683d1a7b6839905bf453d2bfed465234	6a16be898b69cf72b05ae1909cf00b7b683d1a7b6839905bf453d2bfed465234	6a16be898b69cf72b05ae1909cf00b7b683d1a7b6839905bf453d2bfed465234	I0_UNCHANGED	UNCHANGED_FROM_I0_BASELINE	no	no
plugins/pstack/skills/poteto-mode/playbooks/bug-fix.md	3f70f4ee0f381c626590549c7218bc787a4b0fab285b03ade81c6e218fc3b20e	3f70f4ee0f381c626590549c7218bc787a4b0fab285b03ade81c6e218fc3b20e	3f70f4ee0f381c626590549c7218bc787a4b0fab285b03ade81c6e218fc3b20e	3f70f4ee0f381c626590549c7218bc787a4b0fab285b03ade81c6e218fc3b20e	I0_UNCHANGED	UNCHANGED_FROM_I0_BASELINE	no	no
plugins/pstack/skills/poteto-mode/playbooks/eval.md	64c06db5f8ac8e2f250fa56c5230647501709f31a8a76c51d6466b58fd9b7be4	64c06db5f8ac8e2f250fa56c5230647501709f31a8a76c51d6466b58fd9b7be4	64c06db5f8ac8e2f250fa56c5230647501709f31a8a76c51d6466b58fd9b7be4	64c06db5f8ac8e2f250fa56c5230647501709f31a8a76c51d6466b58fd9b7be4	I0_UNCHANGED	UNCHANGED_FROM_I0_BASELINE	no	no
plugins/pstack/skills/poteto-mode/playbooks/feature.md	cc697cc0c8efa9328b2e1b3e13c4ed57cab77e06b1747f2e5aa0623febfd871b	cc697cc0c8efa9328b2e1b3e13c4ed57cab77e06b1747f2e5aa0623febfd871b	cc697cc0c8efa9328b2e1b3e13c4ed57cab77e06b1747f2e5aa0623febfd871b	cc697cc0c8efa9328b2e1b3e13c4ed57cab77e06b1747f2e5aa0623febfd871b	I0_UNCHANGED	UNCHANGED_FROM_I0_BASELINE	no	no
plugins/pstack/skills/poteto-mode/playbooks/hillclimb.md	ab026dfd2aed3461d06565c9a364000033b24638d291adb8874c0b9a99a7f9a1	ab026dfd2aed3461d06565c9a364000033b24638d291adb8874c0b9a99a7f9a1	ab026dfd2aed3461d06565c9a364000033b24638d291adb8874c0b9a99a7f9a1	ab026dfd2aed3461d06565c9a364000033b24638d291adb8874c0b9a99a7f9a1	I0_UNCHANGED	UNCHANGED_FROM_I0_BASELINE	no	no
plugins/pstack/skills/poteto-mode/playbooks/investigation.md	dc66bcf6af3a074fc7f67aa5e12b93ef571a4fb4d8e17f2f1af5ae5359f42e46	dc66bcf6af3a074fc7f67aa5e12b93ef571a4fb4d8e17f2f1af5ae5359f42e46	dc66bcf6af3a074fc7f67aa5e12b93ef571a4fb4d8e17f2f1af5ae5359f42e46	dc66bcf6af3a074fc7f67aa5e12b93ef571a4fb4d8e17f2f1af5ae5359f42e46	I0_UNCHANGED	UNCHANGED_FROM_I0_BASELINE	no	no
plugins/pstack/skills/poteto-mode/playbooks/multi-phase-plan.md	fe3857e39e335e859db1dff62d453ed3df62c4a241eb4365e8c9553f14bce5c1	fe3857e39e335e859db1dff62d453ed3df62c4a241eb4365e8c9553f14bce5c1	fe3857e39e335e859db1dff62d453ed3df62c4a241eb4365e8c9553f14bce5c1	fe3857e39e335e859db1dff62d453ed3df62c4a241eb4365e8c9553f14bce5c1	I0_UNCHANGED	UNCHANGED_FROM_I0_BASELINE	no	no
plugins/pstack/skills/poteto-mode/playbooks/opening-a-pr.md	9df64455f29d9eefd8696d16726c52866c36cab182baee2bab0381f27aec7798	9df64455f29d9eefd8696d16726c52866c36cab182baee2bab0381f27aec7798	9df64455f29d9eefd8696d16726c52866c36cab182baee2bab0381f27aec7798	9df64455f29d9eefd8696d16726c52866c36cab182baee2bab0381f27aec7798	I0_UNCHANGED	UNCHANGED_FROM_I0_BASELINE	no	no
plugins/pstack/skills/poteto-mode/playbooks/orchestrate.md	053d974ccbcd964a86300823ba4a07cffc4086defc2b64164b80d32511700041	053d974ccbcd964a86300823ba4a07cffc4086defc2b64164b80d32511700041	053d974ccbcd964a86300823ba4a07cffc4086defc2b64164b80d32511700041	053d974ccbcd964a86300823ba4a07cffc4086defc2b64164b80d32511700041	I0_UNCHANGED	UNCHANGED_FROM_I0_BASELINE	no	no
plugins/pstack/skills/poteto-mode/playbooks/pause-safely.md	7d5fc10e144265f1b35f8157926541e738c1de64b6a85b3e61b51cf268c3dffd	7d5fc10e144265f1b35f8157926541e738c1de64b6a85b3e61b51cf268c3dffd	7d5fc10e144265f1b35f8157926541e738c1de64b6a85b3e61b51cf268c3dffd	7d5fc10e144265f1b35f8157926541e738c1de64b6a85b3e61b51cf268c3dffd	I0_UNCHANGED	UNCHANGED_FROM_I0_BASELINE	no	no
plugins/pstack/skills/poteto-mode/playbooks/perf-issue.md	fe896f332ac8f78decd9bb173077c98cb28e6c443a294babe4e54a062fc65bb4	fe896f332ac8f78decd9bb173077c98cb28e6c443a294babe4e54a062fc65bb4	fe896f332ac8f78decd9bb173077c98cb28e6c443a294babe4e54a062fc65bb4	fe896f332ac8f78decd9bb173077c98cb28e6c443a294babe4e54a062fc65bb4	I0_UNCHANGED	UNCHANGED_FROM_I0_BASELINE	no	no
plugins/pstack/skills/poteto-mode/playbooks/prototype.md	f678cac8895d06d62c5ed3dd61928dd571959eaaa33dbba010204c9ce27b4cdd	f678cac8895d06d62c5ed3dd61928dd571959eaaa33dbba010204c9ce27b4cdd	f678cac8895d06d62c5ed3dd61928dd571959eaaa33dbba010204c9ce27b4cdd	f678cac8895d06d62c5ed3dd61928dd571959eaaa33dbba010204c9ce27b4cdd	I0_UNCHANGED	UNCHANGED_FROM_I0_BASELINE	no	no
plugins/pstack/skills/poteto-mode/playbooks/refactoring.md	941b39a35b21dff9fae5a367750b027224945824ce4ae4e55ec9b43ed4e96bfa	941b39a35b21dff9fae5a367750b027224945824ce4ae4e55ec9b43ed4e96bfa	941b39a35b21dff9fae5a367750b027224945824ce4ae4e55ec9b43ed4e96bfa	941b39a35b21dff9fae5a367750b027224945824ce4ae4e55ec9b43ed4e96bfa	I0_UNCHANGED	UNCHANGED_FROM_I0_BASELINE	no	no
plugins/pstack/skills/poteto-mode/playbooks/runtime-forensics.md	0f6527850decf3b8498598e0f35a60efb1800628a1ebb696008654093a029b97	0f6527850decf3b8498598e0f35a60efb1800628a1ebb696008654093a029b97	0f6527850decf3b8498598e0f35a60efb1800628a1ebb696008654093a029b97	0f6527850decf3b8498598e0f35a60efb1800628a1ebb696008654093a029b97	I0_UNCHANGED	UNCHANGED_FROM_I0_BASELINE	no	no
plugins/pstack/skills/poteto-mode/playbooks/session-pickup.md	05d136d4071cc9379621a4014f7a6e00db88dc1057d2aa203f7267252c23a65e	05d136d4071cc9379621a4014f7a6e00db88dc1057d2aa203f7267252c23a65e	05d136d4071cc9379621a4014f7a6e00db88dc1057d2aa203f7267252c23a65e	05d136d4071cc9379621a4014f7a6e00db88dc1057d2aa203f7267252c23a65e	I0_UNCHANGED	UNCHANGED_FROM_I0_BASELINE	no	no
plugins/pstack/skills/poteto-mode/playbooks/shipping.md	39b926e309e9ec4be5bb3c50432050c17347fb2906882013202dfa947fe98a30	39b926e309e9ec4be5bb3c50432050c17347fb2906882013202dfa947fe98a30	39b926e309e9ec4be5bb3c50432050c17347fb2906882013202dfa947fe98a30	39b926e309e9ec4be5bb3c50432050c17347fb2906882013202dfa947fe98a30	I0_UNCHANGED	UNCHANGED_FROM_I0_BASELINE	no	no
plugins/pstack/skills/poteto-mode/playbooks/trace-forensics.md	f8edd2ab4a3d76eb34595f4203bd8a2f35578e1285765313a9111bb564980ef6	f8edd2ab4a3d76eb34595f4203bd8a2f35578e1285765313a9111bb564980ef6	f8edd2ab4a3d76eb34595f4203bd8a2f35578e1285765313a9111bb564980ef6	f8edd2ab4a3d76eb34595f4203bd8a2f35578e1285765313a9111bb564980ef6	I0_UNCHANGED	UNCHANGED_FROM_I0_BASELINE	no	no
plugins/pstack/skills/poteto-mode/playbooks/visual-parity.md	86ce3b99c45c03af5e933e6875885985fe68ddaacc5d6fff89b39b353b29ffc5	86ce3b99c45c03af5e933e6875885985fe68ddaacc5d6fff89b39b353b29ffc5	86ce3b99c45c03af5e933e6875885985fe68ddaacc5d6fff89b39b353b29ffc5	86ce3b99c45c03af5e933e6875885985fe68ddaacc5d6fff89b39b353b29ffc5	I0_UNCHANGED	UNCHANGED_FROM_I0_BASELINE	no	no
plugins/pstack/skills/poteto-mode/playbooks/worktree-cleanup.md	4094d4b02b41b6da3f1f0002d62abd787b19ebf6035d0d7f6fc333b98ac6c8df	4094d4b02b41b6da3f1f0002d62abd787b19ebf6035d0d7f6fc333b98ac6c8df	4094d4b02b41b6da3f1f0002d62abd787b19ebf6035d0d7f6fc333b98ac6c8df	4094d4b02b41b6da3f1f0002d62abd787b19ebf6035d0d7f6fc333b98ac6c8df	I0_UNCHANGED	UNCHANGED_FROM_I0_BASELINE	no	no
plugins/pstack/skills/poteto-mode/references/agents/comment-sicko.md	3e239e40b7b4b9beb2cf7f3ccc57f2388eb8b69bd1ba8ae888ef87ef6e0e2116	3e239e40b7b4b9beb2cf7f3ccc57f2388eb8b69bd1ba8ae888ef87ef6e0e2116	3e239e40b7b4b9beb2cf7f3ccc57f2388eb8b69bd1ba8ae888ef87ef6e0e2116	3e239e40b7b4b9beb2cf7f3ccc57f2388eb8b69bd1ba8ae888ef87ef6e0e2116	I0_UNCHANGED	UNCHANGED_FROM_I0_BASELINE	no	no
plugins/pstack/skills/poteto-mode/references/agents/poteto-agent.md	31c7ea4c51a865168ca3cf66a16dd067afea35bc4ae635615372d1d6a4baefd4	31c7ea4c51a865168ca3cf66a16dd067afea35bc4ae635615372d1d6a4baefd4	31c7ea4c51a865168ca3cf66a16dd067afea35bc4ae635615372d1d6a4baefd4	31c7ea4c51a865168ca3cf66a16dd067afea35bc4ae635615372d1d6a4baefd4	I0_UNCHANGED	UNCHANGED_FROM_I0_BASELINE	no	no
plugins/pstack/skills/poteto-mode/references/bugbot-triage.md	b2d146c770d8d3593e1ef3d77b668039b8e1f78093ea1a86f1d45d7f99614309	b2d146c770d8d3593e1ef3d77b668039b8e1f78093ea1a86f1d45d7f99614309	b2d146c770d8d3593e1ef3d77b668039b8e1f78093ea1a86f1d45d7f99614309	b2d146c770d8d3593e1ef3d77b668039b8e1f78093ea1a86f1d45d7f99614309	I0_UNCHANGED	UNCHANGED_FROM_I0_BASELINE	no	no
plugins/pstack/skills/poteto-mode/references/codex-tools.md	7c36f0052f229f122794b5f43b6cb28dcd9d2eef6810d05de399f473845a76d5	7c36f0052f229f122794b5f43b6cb28dcd9d2eef6810d05de399f473845a76d5	7c36f0052f229f122794b5f43b6cb28dcd9d2eef6810d05de399f473845a76d5	7c36f0052f229f122794b5f43b6cb28dcd9d2eef6810d05de399f473845a76d5	I0_UNCHANGED	UNCHANGED_FROM_I0_BASELINE	no	no
plugins/pstack/skills/poteto-mode/references/licenses/LICENSE	bc957ca6bee02792566a1a028d105e02e247c6e77cf057061674273da77b200e	bc957ca6bee02792566a1a028d105e02e247c6e77cf057061674273da77b200e	bc957ca6bee02792566a1a028d105e02e247c6e77cf057061674273da77b200e	bc957ca6bee02792566a1a028d105e02e247c6e77cf057061674273da77b200e	I0_UNCHANGED	UNCHANGED_FROM_I0_BASELINE	no	no
plugins/pstack/skills/poteto-mode/references/licenses/LICENSE-cursor-team-kit	702f5f331b56aff0e33d8c7826df5202559f894145eb70355c6477b55b5bb8a0	702f5f331b56aff0e33d8c7826df5202559f894145eb70355c6477b55b5bb8a0	702f5f331b56aff0e33d8c7826df5202559f894145eb70355c6477b55b5bb8a0	702f5f331b56aff0e33d8c7826df5202559f894145eb70355c6477b55b5bb8a0	I0_UNCHANGED	UNCHANGED_FROM_I0_BASELINE	no	no
plugins/pstack/skills/poteto-mode/references/licenses/NOTICE.md	97074e1c045b57c33139d2789f79563f5ac1185d18fa731ed6491ad6127308a9	97074e1c045b57c33139d2789f79563f5ac1185d18fa731ed6491ad6127308a9	97074e1c045b57c33139d2789f79563f5ac1185d18fa731ed6491ad6127308a9	97074e1c045b57c33139d2789f79563f5ac1185d18fa731ed6491ad6127308a9	I0_UNCHANGED	UNCHANGED_FROM_I0_BASELINE	no	no
plugins/pstack/skills/poteto-mode/scripts/bootstrap.ts	020120f37f75ca776c3db8941b8a0d1407738012a534fe0651c83c907b0ea74d	020120f37f75ca776c3db8941b8a0d1407738012a534fe0651c83c907b0ea74d	020120f37f75ca776c3db8941b8a0d1407738012a534fe0651c83c907b0ea74d	020120f37f75ca776c3db8941b8a0d1407738012a534fe0651c83c907b0ea74d	I0_UNCHANGED	UNCHANGED_FROM_I0_BASELINE	no	no
plugins/pstack/skills/poteto-mode/scripts/bun.lock	667d9cf7222e9aae3fa42a4be383e657784216e9df115da02227fbc5ac7bbe46	667d9cf7222e9aae3fa42a4be383e657784216e9df115da02227fbc5ac7bbe46	667d9cf7222e9aae3fa42a4be383e657784216e9df115da02227fbc5ac7bbe46	667d9cf7222e9aae3fa42a4be383e657784216e9df115da02227fbc5ac7bbe46	I0_UNCHANGED	UNCHANGED_FROM_I0_BASELINE	no	no
plugins/pstack/skills/poteto-mode/scripts/check-plan.mjs	ec5c0f30e7f3469176c51dde67cf603d42ea583dc2851f9ad666da9cb27e515e	ec5c0f30e7f3469176c51dde67cf603d42ea583dc2851f9ad666da9cb27e515e	ec5c0f30e7f3469176c51dde67cf603d42ea583dc2851f9ad666da9cb27e515e	ec5c0f30e7f3469176c51dde67cf603d42ea583dc2851f9ad666da9cb27e515e	I0_UNCHANGED	UNCHANGED_FROM_I0_BASELINE	no	no
plugins/pstack/skills/poteto-mode/scripts/orch/frontier.ts	4bd3439db42afb6ddcff33217419c5e769a795e17ea7d5b5a578d00331cf76b3	4bd3439db42afb6ddcff33217419c5e769a795e17ea7d5b5a578d00331cf76b3	4bd3439db42afb6ddcff33217419c5e769a795e17ea7d5b5a578d00331cf76b3	4bd3439db42afb6ddcff33217419c5e769a795e17ea7d5b5a578d00331cf76b3	I0_UNCHANGED	UNCHANGED_FROM_I0_BASELINE	no	no
plugins/pstack/skills/poteto-mode/scripts/orch/orch.test.ts	2f7d3c841bbd2709cabc497739f9701cd57ea8890987d89977d060bb6479e04b	2f7d3c841bbd2709cabc497739f9701cd57ea8890987d89977d060bb6479e04b	2f7d3c841bbd2709cabc497739f9701cd57ea8890987d89977d060bb6479e04b	2f7d3c841bbd2709cabc497739f9701cd57ea8890987d89977d060bb6479e04b	I0_UNCHANGED	UNCHANGED_FROM_I0_BASELINE	no	no
plugins/pstack/skills/poteto-mode/scripts/orch/orch.ts	f091687df627a0b75fabd54af58945a9cd6c7039ef0622012ac9ed60cd8ec434	f091687df627a0b75fabd54af58945a9cd6c7039ef0622012ac9ed60cd8ec434	f091687df627a0b75fabd54af58945a9cd6c7039ef0622012ac9ed60cd8ec434	f091687df627a0b75fabd54af58945a9cd6c7039ef0622012ac9ed60cd8ec434	I0_UNCHANGED	UNCHANGED_FROM_I0_BASELINE	no	no
plugins/pstack/skills/poteto-mode/scripts/orch/status.ts	d38f6d80b3af9870e30266ee7f04d690107e69e7a6fbfb4eeb2b71917c5695ea	d38f6d80b3af9870e30266ee7f04d690107e69e7a6fbfb4eeb2b71917c5695ea	d38f6d80b3af9870e30266ee7f04d690107e69e7a6fbfb4eeb2b71917c5695ea	d38f6d80b3af9870e30266ee7f04d690107e69e7a6fbfb4eeb2b71917c5695ea	I0_UNCHANGED	UNCHANGED_FROM_I0_BASELINE	no	no
plugins/pstack/skills/poteto-mode/scripts/orch/store.ts	ae80a992cc3b29f6a4de92097ea1c8171059451ab12c3d94d92edfacea19fbc9	ae80a992cc3b29f6a4de92097ea1c8171059451ab12c3d94d92edfacea19fbc9	ae80a992cc3b29f6a4de92097ea1c8171059451ab12c3d94d92edfacea19fbc9	ae80a992cc3b29f6a4de92097ea1c8171059451ab12c3d94d92edfacea19fbc9	I0_UNCHANGED	UNCHANGED_FROM_I0_BASELINE	no	no
plugins/pstack/skills/poteto-mode/scripts/orch/types.ts	d5d357cad1093fa5996a7abe56e8fc2fa057eb03a51644e2d4e00d31a6e6001a	d5d357cad1093fa5996a7abe56e8fc2fa057eb03a51644e2d4e00d31a6e6001a	d5d357cad1093fa5996a7abe56e8fc2fa057eb03a51644e2d4e00d31a6e6001a	d5d357cad1093fa5996a7abe56e8fc2fa057eb03a51644e2d4e00d31a6e6001a	I0_UNCHANGED	UNCHANGED_FROM_I0_BASELINE	no	no
plugins/pstack/skills/poteto-mode/scripts/package.json	4a4378578d69cce2795c4e219d0efae0fdcbe6d237da5deb2f94c6e761e560b3	4a4378578d69cce2795c4e219d0efae0fdcbe6d237da5deb2f94c6e761e560b3	4a4378578d69cce2795c4e219d0efae0fdcbe6d237da5deb2f94c6e761e560b3	4a4378578d69cce2795c4e219d0efae0fdcbe6d237da5deb2f94c6e761e560b3	I0_UNCHANGED	UNCHANGED_FROM_I0_BASELINE	no	no
plugins/pstack/skills/poteto-mode/scripts/tsconfig.json	151bdff404757dbc9363bd5756bbf0c816d45e013daf7cdf9b173c3e0f27b83d	151bdff404757dbc9363bd5756bbf0c816d45e013daf7cdf9b173c3e0f27b83d	151bdff404757dbc9363bd5756bbf0c816d45e013daf7cdf9b173c3e0f27b83d	151bdff404757dbc9363bd5756bbf0c816d45e013daf7cdf9b173c3e0f27b83d	I0_UNCHANGED	UNCHANGED_FROM_I0_BASELINE	no	no
plugins/pstack/skills/poteto-mode/scripts/watch-pr/cli.test.ts	a35592b4c6da96caf8d47987e9cd503fab6c7774ab87d11a43f24b4b5df2a9d1	a35592b4c6da96caf8d47987e9cd503fab6c7774ab87d11a43f24b4b5df2a9d1	a35592b4c6da96caf8d47987e9cd503fab6c7774ab87d11a43f24b4b5df2a9d1	a35592b4c6da96caf8d47987e9cd503fab6c7774ab87d11a43f24b4b5df2a9d1	I0_UNCHANGED	UNCHANGED_FROM_I0_BASELINE	no	no
plugins/pstack/skills/poteto-mode/scripts/watch-pr/cli.ts	b114d0edb946ae8fe411647554e80796ebeaca087ec605e721ad2ac7aa291ab4	b114d0edb946ae8fe411647554e80796ebeaca087ec605e721ad2ac7aa291ab4	b114d0edb946ae8fe411647554e80796ebeaca087ec605e721ad2ac7aa291ab4	b114d0edb946ae8fe411647554e80796ebeaca087ec605e721ad2ac7aa291ab4	I0_UNCHANGED	UNCHANGED_FROM_I0_BASELINE	no	no
plugins/pstack/skills/poteto-mode/scripts/watch-pr/deadline.ts	3cba55d57bb3adc5cabb291d13884d3247170d581fe32ffe69aec12562d97e10	3cba55d57bb3adc5cabb291d13884d3247170d581fe32ffe69aec12562d97e10	3cba55d57bb3adc5cabb291d13884d3247170d581fe32ffe69aec12562d97e10	3cba55d57bb3adc5cabb291d13884d3247170d581fe32ffe69aec12562d97e10	I0_UNCHANGED	UNCHANGED_FROM_I0_BASELINE	no	no
plugins/pstack/skills/poteto-mode/scripts/watch-pr/fakes.test-helper.ts	0fb213dc940d05791de47beeb6cb406b862cf4ca1c785e96f4a8c79a8964bb28	0fb213dc940d05791de47beeb6cb406b862cf4ca1c785e96f4a8c79a8964bb28	0fb213dc940d05791de47beeb6cb406b862cf4ca1c785e96f4a8c79a8964bb28	0fb213dc940d05791de47beeb6cb406b862cf4ca1c785e96f4a8c79a8964bb28	I0_UNCHANGED	UNCHANGED_FROM_I0_BASELINE	no	no
plugins/pstack/skills/poteto-mode/scripts/watch-pr/github.test.ts	d110ea97e9d5e353a5eb8d91bd665a7eb772546b61da02c6788d86b8e6812116	d110ea97e9d5e353a5eb8d91bd665a7eb772546b61da02c6788d86b8e6812116	d110ea97e9d5e353a5eb8d91bd665a7eb772546b61da02c6788d86b8e6812116	d110ea97e9d5e353a5eb8d91bd665a7eb772546b61da02c6788d86b8e6812116	I0_UNCHANGED	UNCHANGED_FROM_I0_BASELINE	no	no
plugins/pstack/skills/poteto-mode/scripts/watch-pr/github.ts	61c60ff7dc9c8016f4669e2087f53c335788aed3263e225f6efe8063dce3b79d	61c60ff7dc9c8016f4669e2087f53c335788aed3263e225f6efe8063dce3b79d	61c60ff7dc9c8016f4669e2087f53c335788aed3263e225f6efe8063dce3b79d	61c60ff7dc9c8016f4669e2087f53c335788aed3263e225f6efe8063dce3b79d	I0_UNCHANGED	UNCHANGED_FROM_I0_BASELINE	no	no
plugins/pstack/skills/poteto-mode/scripts/watch-pr/integrity.test.ts	d0446732e238998917882daaf037181d1fa2820b6c3e01851a3c8856196e9075	d0446732e238998917882daaf037181d1fa2820b6c3e01851a3c8856196e9075	d0446732e238998917882daaf037181d1fa2820b6c3e01851a3c8856196e9075	d0446732e238998917882daaf037181d1fa2820b6c3e01851a3c8856196e9075	I0_UNCHANGED	UNCHANGED_FROM_I0_BASELINE	no	no
plugins/pstack/skills/poteto-mode/scripts/watch-pr/policy.test.ts	3e7d5c02dd245ab0e18f4ca6eefaf666547792f3947dc3cb91c9cc3ddd63ba1f	3e7d5c02dd245ab0e18f4ca6eefaf666547792f3947dc3cb91c9cc3ddd63ba1f	3e7d5c02dd245ab0e18f4ca6eefaf666547792f3947dc3cb91c9cc3ddd63ba1f	3e7d5c02dd245ab0e18f4ca6eefaf666547792f3947dc3cb91c9cc3ddd63ba1f	I0_UNCHANGED	UNCHANGED_FROM_I0_BASELINE	no	no
plugins/pstack/skills/poteto-mode/scripts/watch-pr/policy.ts	d7bd7bbe0c08e3e6302dbbcfbb7a8390051d339cc865b46ec6b75797d1c6ed17	d7bd7bbe0c08e3e6302dbbcfbb7a8390051d339cc865b46ec6b75797d1c6ed17	d7bd7bbe0c08e3e6302dbbcfbb7a8390051d339cc865b46ec6b75797d1c6ed17	d7bd7bbe0c08e3e6302dbbcfbb7a8390051d339cc865b46ec6b75797d1c6ed17	I0_UNCHANGED	UNCHANGED_FROM_I0_BASELINE	no	no
plugins/pstack/skills/poteto-mode/scripts/watch-pr/render.ts	2b709e86628d5b8fdb61f860e60ababc342b0626c67576305442cf548283a604	2b709e86628d5b8fdb61f860e60ababc342b0626c67576305442cf548283a604	2b709e86628d5b8fdb61f860e60ababc342b0626c67576305442cf548283a604	2b709e86628d5b8fdb61f860e60ababc342b0626c67576305442cf548283a604	I0_UNCHANGED	UNCHANGED_FROM_I0_BASELINE	no	no
plugins/pstack/skills/poteto-mode/scripts/watch-pr/transport.test.ts	cc94b8150de97fd118cf05766014e92787de697ecf5ae1d1761a8f8e90e15c9f	cc94b8150de97fd118cf05766014e92787de697ecf5ae1d1761a8f8e90e15c9f	cc94b8150de97fd118cf05766014e92787de697ecf5ae1d1761a8f8e90e15c9f	cc94b8150de97fd118cf05766014e92787de697ecf5ae1d1761a8f8e90e15c9f	I0_UNCHANGED	UNCHANGED_FROM_I0_BASELINE	no	no
plugins/pstack/skills/poteto-mode/scripts/watch-pr/tsconfig.json	1ecccc72320b086c63ce3f73c959896fd747363e63553b3b1136296ea4069e45	1ecccc72320b086c63ce3f73c959896fd747363e63553b3b1136296ea4069e45	1ecccc72320b086c63ce3f73c959896fd747363e63553b3b1136296ea4069e45	1ecccc72320b086c63ce3f73c959896fd747363e63553b3b1136296ea4069e45	I0_UNCHANGED	UNCHANGED_FROM_I0_BASELINE	no	no
plugins/pstack/skills/poteto-mode/scripts/watch-pr/types.compile.ts	eaa0ee2bac338119c6eb08bf7b55a57adf5658e3460e9827ae1ecfbbd7e0542c	eaa0ee2bac338119c6eb08bf7b55a57adf5658e3460e9827ae1ecfbbd7e0542c	eaa0ee2bac338119c6eb08bf7b55a57adf5658e3460e9827ae1ecfbbd7e0542c	eaa0ee2bac338119c6eb08bf7b55a57adf5658e3460e9827ae1ecfbbd7e0542c	I0_UNCHANGED	UNCHANGED_FROM_I0_BASELINE	no	no
plugins/pstack/skills/poteto-mode/scripts/watch-pr/types.ts	d310f97aa36e217eb428c23613da10f5442cec27209a5a135377c010f0b44801	d310f97aa36e217eb428c23613da10f5442cec27209a5a135377c010f0b44801	d310f97aa36e217eb428c23613da10f5442cec27209a5a135377c010f0b44801	d310f97aa36e217eb428c23613da10f5442cec27209a5a135377c010f0b44801	I0_UNCHANGED	UNCHANGED_FROM_I0_BASELINE	no	no
plugins/pstack/skills/poteto-mode/scripts/watch-pr/watch-pr	d955603be6cc0e8b8ffcec722f635192b2261410b1f2929abea94480e47eb5d4	d955603be6cc0e8b8ffcec722f635192b2261410b1f2929abea94480e47eb5d4	d955603be6cc0e8b8ffcec722f635192b2261410b1f2929abea94480e47eb5d4	d955603be6cc0e8b8ffcec722f635192b2261410b1f2929abea94480e47eb5d4	I0_UNCHANGED	UNCHANGED_FROM_I0_BASELINE	no	no
plugins/pstack/skills/poteto-mode/scripts/worktree-audit.sh	70343a52605e4776436b5a510ab95195551ccf62ec319d21717d8ad377925229	70343a52605e4776436b5a510ab95195551ccf62ec319d21717d8ad377925229	70343a52605e4776436b5a510ab95195551ccf62ec319d21717d8ad377925229	70343a52605e4776436b5a510ab95195551ccf62ec319d21717d8ad377925229	I0_UNCHANGED	UNCHANGED_FROM_I0_BASELINE	no	no
plugins/pstack/skills/principle-attack-the-premise/SKILL.md	f20c3f9b5183705e9629765504838c4a293a71c217d537f76c8096e4273ba063	f20c3f9b5183705e9629765504838c4a293a71c217d537f76c8096e4273ba063	f20c3f9b5183705e9629765504838c4a293a71c217d537f76c8096e4273ba063	f20c3f9b5183705e9629765504838c4a293a71c217d537f76c8096e4273ba063	I0_UNCHANGED	UNCHANGED_FROM_I0_BASELINE	no	no
plugins/pstack/skills/principle-boundary-discipline/SKILL.md	77593896511d3c77045da43ed446080ca8b378c3447b345e92e35c3581debb11	77593896511d3c77045da43ed446080ca8b378c3447b345e92e35c3581debb11	77593896511d3c77045da43ed446080ca8b378c3447b345e92e35c3581debb11	77593896511d3c77045da43ed446080ca8b378c3447b345e92e35c3581debb11	I0_UNCHANGED	UNCHANGED_FROM_I0_BASELINE	no	no
plugins/pstack/skills/principle-build-the-lever/SKILL.md	6fafa944fbb3bb6fad0c809a677fd4cf7aa28bd9c8072833ded335ba3ca26b3a	6fafa944fbb3bb6fad0c809a677fd4cf7aa28bd9c8072833ded335ba3ca26b3a	6fafa944fbb3bb6fad0c809a677fd4cf7aa28bd9c8072833ded335ba3ca26b3a	6fafa944fbb3bb6fad0c809a677fd4cf7aa28bd9c8072833ded335ba3ca26b3a	I0_UNCHANGED	UNCHANGED_FROM_I0_BASELINE	no	no
plugins/pstack/skills/principle-encode-lessons-in-structure/SKILL.md	99755a1add54e0f721842a0505230bf608bc44bd2d859ac4d792ffd576b9eead	99755a1add54e0f721842a0505230bf608bc44bd2d859ac4d792ffd576b9eead	99755a1add54e0f721842a0505230bf608bc44bd2d859ac4d792ffd576b9eead	99755a1add54e0f721842a0505230bf608bc44bd2d859ac4d792ffd576b9eead	I0_UNCHANGED	UNCHANGED_FROM_I0_BASELINE	no	no
plugins/pstack/skills/principle-exhaust-the-design-space/SKILL.md	be8d01be643621e93feb2e94389b1311bd7aa8241bf417d63fed2692e52a2d28	be8d01be643621e93feb2e94389b1311bd7aa8241bf417d63fed2692e52a2d28	be8d01be643621e93feb2e94389b1311bd7aa8241bf417d63fed2692e52a2d28	be8d01be643621e93feb2e94389b1311bd7aa8241bf417d63fed2692e52a2d28	I0_UNCHANGED	UNCHANGED_FROM_I0_BASELINE	no	no
plugins/pstack/skills/principle-experience-first/SKILL.md	011aece6aea98f47bfe22ac533143ae919c61c4cc58e8e14ed13c9e3735d013d	011aece6aea98f47bfe22ac533143ae919c61c4cc58e8e14ed13c9e3735d013d	011aece6aea98f47bfe22ac533143ae919c61c4cc58e8e14ed13c9e3735d013d	011aece6aea98f47bfe22ac533143ae919c61c4cc58e8e14ed13c9e3735d013d	I0_UNCHANGED	UNCHANGED_FROM_I0_BASELINE	no	no
plugins/pstack/skills/principle-fix-root-causes/SKILL.md	4c5fd0fb9eb4754dff9a6dd4d1de7a87dc927f5154ab3afd643bedb9b7f8b6b9	4c5fd0fb9eb4754dff9a6dd4d1de7a87dc927f5154ab3afd643bedb9b7f8b6b9	4c5fd0fb9eb4754dff9a6dd4d1de7a87dc927f5154ab3afd643bedb9b7f8b6b9	4c5fd0fb9eb4754dff9a6dd4d1de7a87dc927f5154ab3afd643bedb9b7f8b6b9	I0_UNCHANGED	UNCHANGED_FROM_I0_BASELINE	no	no
plugins/pstack/skills/principle-foundational-thinking/SKILL.md	42c72aae40208502bd4f1082acb21fc6a212ff262f26326cbd0f13baa2a37a35	42c72aae40208502bd4f1082acb21fc6a212ff262f26326cbd0f13baa2a37a35	42c72aae40208502bd4f1082acb21fc6a212ff262f26326cbd0f13baa2a37a35	42c72aae40208502bd4f1082acb21fc6a212ff262f26326cbd0f13baa2a37a35	I0_UNCHANGED	UNCHANGED_FROM_I0_BASELINE	no	no
plugins/pstack/skills/principle-guard-the-context-window/SKILL.md	faa03c333c181421a8f1445481a028d66f8fa8e00a39446285709fa4035fd69f	faa03c333c181421a8f1445481a028d66f8fa8e00a39446285709fa4035fd69f	faa03c333c181421a8f1445481a028d66f8fa8e00a39446285709fa4035fd69f	faa03c333c181421a8f1445481a028d66f8fa8e00a39446285709fa4035fd69f	I0_UNCHANGED	UNCHANGED_FROM_I0_BASELINE	no	no
plugins/pstack/skills/principle-laziness-protocol/SKILL.md	3496d3bc0e8fd23980b6ac1a56f9ad4c904ec215b61aaf36bdae11baa71be79b	3496d3bc0e8fd23980b6ac1a56f9ad4c904ec215b61aaf36bdae11baa71be79b	3496d3bc0e8fd23980b6ac1a56f9ad4c904ec215b61aaf36bdae11baa71be79b	3496d3bc0e8fd23980b6ac1a56f9ad4c904ec215b61aaf36bdae11baa71be79b	I0_UNCHANGED	UNCHANGED_FROM_I0_BASELINE	no	no
plugins/pstack/skills/principle-make-operations-idempotent/SKILL.md	576260695df90ac979f01c03321d5a8cb7bd824bdbc5d3fbe6790ee1caa19ab4	576260695df90ac979f01c03321d5a8cb7bd824bdbc5d3fbe6790ee1caa19ab4	576260695df90ac979f01c03321d5a8cb7bd824bdbc5d3fbe6790ee1caa19ab4	576260695df90ac979f01c03321d5a8cb7bd824bdbc5d3fbe6790ee1caa19ab4	I0_UNCHANGED	UNCHANGED_FROM_I0_BASELINE	no	no
plugins/pstack/skills/principle-migrate-callers-then-delete-legacy-apis/SKILL.md	8014f4eb04fe50474f7e3f9286bce2de276116b8b669cd2fe7b2100972efb68a	8014f4eb04fe50474f7e3f9286bce2de276116b8b669cd2fe7b2100972efb68a	8014f4eb04fe50474f7e3f9286bce2de276116b8b669cd2fe7b2100972efb68a	8014f4eb04fe50474f7e3f9286bce2de276116b8b669cd2fe7b2100972efb68a	I0_UNCHANGED	UNCHANGED_FROM_I0_BASELINE	no	no
plugins/pstack/skills/principle-minimize-reader-load/SKILL.md	002a973547e2feaa0724cb81019f409b847fa2b23fbe765c2fd2860232a4b066	002a973547e2feaa0724cb81019f409b847fa2b23fbe765c2fd2860232a4b066	002a973547e2feaa0724cb81019f409b847fa2b23fbe765c2fd2860232a4b066	002a973547e2feaa0724cb81019f409b847fa2b23fbe765c2fd2860232a4b066	I0_UNCHANGED	UNCHANGED_FROM_I0_BASELINE	no	no
plugins/pstack/skills/principle-model-the-domain/SKILL.md	97dc69afeb30a1dd4a9f8896fa9aa6e2982741481b5ad0d03d01784dc1590476	97dc69afeb30a1dd4a9f8896fa9aa6e2982741481b5ad0d03d01784dc1590476	97dc69afeb30a1dd4a9f8896fa9aa6e2982741481b5ad0d03d01784dc1590476	97dc69afeb30a1dd4a9f8896fa9aa6e2982741481b5ad0d03d01784dc1590476	I0_UNCHANGED	UNCHANGED_FROM_I0_BASELINE	no	no
plugins/pstack/skills/principle-never-block-on-the-human/SKILL.md	f0e56790d06241dd21abd5941714c4139b02e07a743d1fbfedcddd3d1082fdaa	f0e56790d06241dd21abd5941714c4139b02e07a743d1fbfedcddd3d1082fdaa	f0e56790d06241dd21abd5941714c4139b02e07a743d1fbfedcddd3d1082fdaa	f0e56790d06241dd21abd5941714c4139b02e07a743d1fbfedcddd3d1082fdaa	I0_UNCHANGED	UNCHANGED_FROM_I0_BASELINE	no	no
plugins/pstack/skills/principle-outcome-oriented-execution/SKILL.md	674266f240d12a17210771c32947f5c68185ae5d22415da4e2d51fbf5afb370c	674266f240d12a17210771c32947f5c68185ae5d22415da4e2d51fbf5afb370c	674266f240d12a17210771c32947f5c68185ae5d22415da4e2d51fbf5afb370c	674266f240d12a17210771c32947f5c68185ae5d22415da4e2d51fbf5afb370c	I0_UNCHANGED	UNCHANGED_FROM_I0_BASELINE	no	no
plugins/pstack/skills/principle-prove-it-works/SKILL.md	87b3015f7f84ba7932879e712a130212b8ec69b44ac485fd6cc71b17a99f9cf4	87b3015f7f84ba7932879e712a130212b8ec69b44ac485fd6cc71b17a99f9cf4	87b3015f7f84ba7932879e712a130212b8ec69b44ac485fd6cc71b17a99f9cf4	87b3015f7f84ba7932879e712a130212b8ec69b44ac485fd6cc71b17a99f9cf4	I0_UNCHANGED	UNCHANGED_FROM_I0_BASELINE	no	no
plugins/pstack/skills/principle-redesign-from-first-principles/SKILL.md	418ec688036dadc8e14dbb967065a0e92b165c83417136de362e464d07c0795c	418ec688036dadc8e14dbb967065a0e92b165c83417136de362e464d07c0795c	418ec688036dadc8e14dbb967065a0e92b165c83417136de362e464d07c0795c	418ec688036dadc8e14dbb967065a0e92b165c83417136de362e464d07c0795c	I0_UNCHANGED	UNCHANGED_FROM_I0_BASELINE	no	no
plugins/pstack/skills/principle-separate-before-serializing-shared-state/SKILL.md	ca798978d31ffec6ead32384fa272692e8b04dc93315498209872a532ead0c43	ca798978d31ffec6ead32384fa272692e8b04dc93315498209872a532ead0c43	ca798978d31ffec6ead32384fa272692e8b04dc93315498209872a532ead0c43	ca798978d31ffec6ead32384fa272692e8b04dc93315498209872a532ead0c43	I0_UNCHANGED	UNCHANGED_FROM_I0_BASELINE	no	no
plugins/pstack/skills/principle-sequence-verifiable-units/SKILL.md	85d0aadf12b8215b54963b57b89305e63915d75415ce66fbe410407e1d97c289	85d0aadf12b8215b54963b57b89305e63915d75415ce66fbe410407e1d97c289	85d0aadf12b8215b54963b57b89305e63915d75415ce66fbe410407e1d97c289	85d0aadf12b8215b54963b57b89305e63915d75415ce66fbe410407e1d97c289	I0_UNCHANGED	UNCHANGED_FROM_I0_BASELINE	no	no
plugins/pstack/skills/principle-subtract-before-you-add/SKILL.md	84bfde4d3dc16360264e0cb944b2dfbd8d92a70624322e83b93432f8e35dc60e	84bfde4d3dc16360264e0cb944b2dfbd8d92a70624322e83b93432f8e35dc60e	84bfde4d3dc16360264e0cb944b2dfbd8d92a70624322e83b93432f8e35dc60e	84bfde4d3dc16360264e0cb944b2dfbd8d92a70624322e83b93432f8e35dc60e	I0_UNCHANGED	UNCHANGED_FROM_I0_BASELINE	no	no
plugins/pstack/skills/principle-test-behavior-not-implementation/SKILL.md	08f6e5f38643af03a3acc5f72384612ba3548b871661ac7fd5c950d93fc1397f	08f6e5f38643af03a3acc5f72384612ba3548b871661ac7fd5c950d93fc1397f	08f6e5f38643af03a3acc5f72384612ba3548b871661ac7fd5c950d93fc1397f	08f6e5f38643af03a3acc5f72384612ba3548b871661ac7fd5c950d93fc1397f	I0_UNCHANGED	UNCHANGED_FROM_I0_BASELINE	no	no
plugins/pstack/skills/principle-type-system-discipline/SKILL.md	1499a33a6c6453cf46e88db4cccd5e0965d5da4a2354e7d627018ae08d8c5284	1499a33a6c6453cf46e88db4cccd5e0965d5da4a2354e7d627018ae08d8c5284	1499a33a6c6453cf46e88db4cccd5e0965d5da4a2354e7d627018ae08d8c5284	1499a33a6c6453cf46e88db4cccd5e0965d5da4a2354e7d627018ae08d8c5284	I0_UNCHANGED	UNCHANGED_FROM_I0_BASELINE	no	no
plugins/pstack/skills/recall/SKILL.md	a9af698765a64915a00cc0eb1c38e5728aa4cd0cef55bb0bc66bda9ff94331a6	a9af698765a64915a00cc0eb1c38e5728aa4cd0cef55bb0bc66bda9ff94331a6	a9af698765a64915a00cc0eb1c38e5728aa4cd0cef55bb0bc66bda9ff94331a6	a9af698765a64915a00cc0eb1c38e5728aa4cd0cef55bb0bc66bda9ff94331a6	I0_UNCHANGED	UNCHANGED_FROM_I0_BASELINE	no	no
plugins/pstack/skills/reflect/SKILL.md	04570f6b5497dbb89f168bfd7b66f9336ab264e9bc27f5d3972c162fd53c92f0	04570f6b5497dbb89f168bfd7b66f9336ab264e9bc27f5d3972c162fd53c92f0	04570f6b5497dbb89f168bfd7b66f9336ab264e9bc27f5d3972c162fd53c92f0	04570f6b5497dbb89f168bfd7b66f9336ab264e9bc27f5d3972c162fd53c92f0	I0_UNCHANGED	UNCHANGED_FROM_I0_BASELINE	no	no
plugins/pstack/skills/reflect/references/divergent-reviewer.md	e8002cc296640f9c27579058c0634336292b422453d525896d5888bfd7f80bfd	e8002cc296640f9c27579058c0634336292b422453d525896d5888bfd7f80bfd	e8002cc296640f9c27579058c0634336292b422453d525896d5888bfd7f80bfd	e8002cc296640f9c27579058c0634336292b422453d525896d5888bfd7f80bfd	I0_UNCHANGED	UNCHANGED_FROM_I0_BASELINE	no	no
plugins/pstack/skills/reflect/references/judgment-reviewer.md	361975bb28ca9886bf52089681b0559e11cacac8b52ab859345676e92bc32af7	361975bb28ca9886bf52089681b0559e11cacac8b52ab859345676e92bc32af7	361975bb28ca9886bf52089681b0559e11cacac8b52ab859345676e92bc32af7	361975bb28ca9886bf52089681b0559e11cacac8b52ab859345676e92bc32af7	I0_UNCHANGED	UNCHANGED_FROM_I0_BASELINE	no	no
plugins/pstack/skills/reflect/references/synthesizer.md	0dd3542318ebcd89d4347b49f51a78f46da768c2728e97c70b8ee51f8112b5a1	0dd3542318ebcd89d4347b49f51a78f46da768c2728e97c70b8ee51f8112b5a1	0dd3542318ebcd89d4347b49f51a78f46da768c2728e97c70b8ee51f8112b5a1	0dd3542318ebcd89d4347b49f51a78f46da768c2728e97c70b8ee51f8112b5a1	I0_UNCHANGED	UNCHANGED_FROM_I0_BASELINE	no	no
plugins/pstack/skills/reflect/references/tooling-reviewer.md	7c0d75499dee93a0ef71a53f38cf405a06026334359a167beed3094a4afdfae9	7c0d75499dee93a0ef71a53f38cf405a06026334359a167beed3094a4afdfae9	7c0d75499dee93a0ef71a53f38cf405a06026334359a167beed3094a4afdfae9	7c0d75499dee93a0ef71a53f38cf405a06026334359a167beed3094a4afdfae9	I0_UNCHANGED	UNCHANGED_FROM_I0_BASELINE	no	no
plugins/pstack/skills/reflect/scripts/find-transcript.mjs	4e87c4edc66c0681418bcdbdcad026d326b130f48f818b3e7c76fca4b9d1db34	4e87c4edc66c0681418bcdbdcad026d326b130f48f818b3e7c76fca4b9d1db34	4e87c4edc66c0681418bcdbdcad026d326b130f48f818b3e7c76fca4b9d1db34	4e87c4edc66c0681418bcdbdcad026d326b130f48f818b3e7c76fca4b9d1db34	I0_UNCHANGED	UNCHANGED_FROM_I0_BASELINE	no	no
plugins/pstack/skills/setup-pstack/SKILL.md	0b22c1921a9e4aa88db14e05f72f92ba724cbdd3793c5a8f6fc5dfea92709fbf	0b22c1921a9e4aa88db14e05f72f92ba724cbdd3793c5a8f6fc5dfea92709fbf	0b22c1921a9e4aa88db14e05f72f92ba724cbdd3793c5a8f6fc5dfea92709fbf	0b22c1921a9e4aa88db14e05f72f92ba724cbdd3793c5a8f6fc5dfea92709fbf	I0_UNCHANGED	UNCHANGED_FROM_I0_BASELINE	no	no
plugins/pstack/skills/show-me-your-work/SKILL.md	126363f77fb43716054e12a8fba5964f260d8dbaa69070eeca1b9472a0be6b70	126363f77fb43716054e12a8fba5964f260d8dbaa69070eeca1b9472a0be6b70	126363f77fb43716054e12a8fba5964f260d8dbaa69070eeca1b9472a0be6b70	126363f77fb43716054e12a8fba5964f260d8dbaa69070eeca1b9472a0be6b70	I0_UNCHANGED	UNCHANGED_FROM_I0_BASELINE	no	no
plugins/pstack/skills/show-me-your-work/references/decision-log-template.tsv	6779378006a2f5225e8c06deb84f1d913fb532041ebbb6e50d94600bfe3f4b76	6779378006a2f5225e8c06deb84f1d913fb532041ebbb6e50d94600bfe3f4b76	6779378006a2f5225e8c06deb84f1d913fb532041ebbb6e50d94600bfe3f4b76	6779378006a2f5225e8c06deb84f1d913fb532041ebbb6e50d94600bfe3f4b76	I0_UNCHANGED	UNCHANGED_FROM_I0_BASELINE	no	no
plugins/pstack/skills/show-me-your-work/scripts/log.sh	1601bc18f9aba0af3f5d6375e4f2d5dc6102334d1bca935026c0e3547cdadbbf	1601bc18f9aba0af3f5d6375e4f2d5dc6102334d1bca935026c0e3547cdadbbf	1601bc18f9aba0af3f5d6375e4f2d5dc6102334d1bca935026c0e3547cdadbbf	1601bc18f9aba0af3f5d6375e4f2d5dc6102334d1bca935026c0e3547cdadbbf	I0_UNCHANGED	UNCHANGED_FROM_I0_BASELINE	no	no
plugins/pstack/skills/swarm/SKILL.md	e3e606dfadc63e89faa29da2bba49c9e840700a1141bd500746b8eb9add4ba32	e3e606dfadc63e89faa29da2bba49c9e840700a1141bd500746b8eb9add4ba32	e3e606dfadc63e89faa29da2bba49c9e840700a1141bd500746b8eb9add4ba32	e3e606dfadc63e89faa29da2bba49c9e840700a1141bd500746b8eb9add4ba32	I0_UNCHANGED	UNCHANGED_FROM_I0_BASELINE	no	no
plugins/pstack/skills/tdd/SKILL.md	4f4fb7f6b9a865fc27b68e268fde8bb7973533060fcc256093c0f968953bbc44	4f4fb7f6b9a865fc27b68e268fde8bb7973533060fcc256093c0f968953bbc44	4f4fb7f6b9a865fc27b68e268fde8bb7973533060fcc256093c0f968953bbc44	4f4fb7f6b9a865fc27b68e268fde8bb7973533060fcc256093c0f968953bbc44	I0_UNCHANGED	UNCHANGED_FROM_I0_BASELINE	no	no
plugins/pstack/skills/teach/SKILL.md	6c26be2d2ed1df00dacd7e88f0e7aa557ca2cacd226853fe1784fd188771eddc	6c26be2d2ed1df00dacd7e88f0e7aa557ca2cacd226853fe1784fd188771eddc	6c26be2d2ed1df00dacd7e88f0e7aa557ca2cacd226853fe1784fd188771eddc	6c26be2d2ed1df00dacd7e88f0e7aa557ca2cacd226853fe1784fd188771eddc	I0_UNCHANGED	UNCHANGED_FROM_I0_BASELINE	no	no
plugins/pstack/skills/technical-writing/SKILL.md	827422cba2ff7ab658e62630811a9bac548473e7134004509115c35a8e5c4658	827422cba2ff7ab658e62630811a9bac548473e7134004509115c35a8e5c4658	827422cba2ff7ab658e62630811a9bac548473e7134004509115c35a8e5c4658	827422cba2ff7ab658e62630811a9bac548473e7134004509115c35a8e5c4658	I0_UNCHANGED	UNCHANGED_FROM_I0_BASELINE	no	no
plugins/pstack/skills/thermo-nuclear-code-quality-review/SKILL.md	35f68c89a24f690eaba7f77c637d3b7dc1cb0fc7bf17670606ffd83f074fa626	35f68c89a24f690eaba7f77c637d3b7dc1cb0fc7bf17670606ffd83f074fa626	35f68c89a24f690eaba7f77c637d3b7dc1cb0fc7bf17670606ffd83f074fa626	35f68c89a24f690eaba7f77c637d3b7dc1cb0fc7bf17670606ffd83f074fa626	I0_UNCHANGED	UNCHANGED_FROM_I0_BASELINE	no	no
plugins/pstack/skills/typescript-best-practices/SKILL.md	fd61fe218e2d08226a63533d344277ccacd6e92fd07a81ca663817594585221d	fd61fe218e2d08226a63533d344277ccacd6e92fd07a81ca663817594585221d	fd61fe218e2d08226a63533d344277ccacd6e92fd07a81ca663817594585221d	fd61fe218e2d08226a63533d344277ccacd6e92fd07a81ca663817594585221d	I0_UNCHANGED	UNCHANGED_FROM_I0_BASELINE	no	no
plugins/pstack/skills/typescript-best-practices/references/patterns.md	ea6f39799fcc668b8e2e1b9fa0a40b3b872590022c03709b7028a73337499d3d	ea6f39799fcc668b8e2e1b9fa0a40b3b872590022c03709b7028a73337499d3d	ea6f39799fcc668b8e2e1b9fa0a40b3b872590022c03709b7028a73337499d3d	ea6f39799fcc668b8e2e1b9fa0a40b3b872590022c03709b7028a73337499d3d	I0_UNCHANGED	UNCHANGED_FROM_I0_BASELINE	no	no
plugins/pstack/skills/unslop/SKILL.md	6948335a00f9fed7a29204b9f08f74a9d9596d90989fd06f58f02d984ceab6f3	6948335a00f9fed7a29204b9f08f74a9d9596d90989fd06f58f02d984ceab6f3	6948335a00f9fed7a29204b9f08f74a9d9596d90989fd06f58f02d984ceab6f3	6948335a00f9fed7a29204b9f08f74a9d9596d90989fd06f58f02d984ceab6f3	I0_UNCHANGED	UNCHANGED_FROM_I0_BASELINE	no	no
plugins/pstack/skills/what-did-i-get-done/SKILL.md	479813c9abaacb5b6b0531f1de7dc5eb2f3bd9673707a992d1073335836e82f8	479813c9abaacb5b6b0531f1de7dc5eb2f3bd9673707a992d1073335836e82f8	479813c9abaacb5b6b0531f1de7dc5eb2f3bd9673707a992d1073335836e82f8	479813c9abaacb5b6b0531f1de7dc5eb2f3bd9673707a992d1073335836e82f8	I0_UNCHANGED	UNCHANGED_FROM_I0_BASELINE	no	no
plugins/pstack/skills/why/SKILL.md	0691b6378ee2505b270627321ae7eb88d31fd22d7aecc1cb1cd357631eb6f635	0691b6378ee2505b270627321ae7eb88d31fd22d7aecc1cb1cd357631eb6f635	0691b6378ee2505b270627321ae7eb88d31fd22d7aecc1cb1cd357631eb6f635	0691b6378ee2505b270627321ae7eb88d31fd22d7aecc1cb1cd357631eb6f635	I0_UNCHANGED	UNCHANGED_FROM_I0_BASELINE	no	no
plugins/pstack/skills/why/references/epistemics.md	ba99dcdc4fbce91a83b50fc0c9b2c5769febd95540b1722c6b87fe8f900bb60a	ba99dcdc4fbce91a83b50fc0c9b2c5769febd95540b1722c6b87fe8f900bb60a	ba99dcdc4fbce91a83b50fc0c9b2c5769febd95540b1722c6b87fe8f900bb60a	ba99dcdc4fbce91a83b50fc0c9b2c5769febd95540b1722c6b87fe8f900bb60a	I0_UNCHANGED	UNCHANGED_FROM_I0_BASELINE	no	no
plugins/pstack/skills/why/references/investigator-prompt.md	e35d8eaea13f0a027dd35572d525e9f66e8f8918ca9e555237dc228f26278d5f	e35d8eaea13f0a027dd35572d525e9f66e8f8918ca9e555237dc228f26278d5f	e35d8eaea13f0a027dd35572d525e9f66e8f8918ca9e555237dc228f26278d5f	e35d8eaea13f0a027dd35572d525e9f66e8f8918ca9e555237dc228f26278d5f	I0_UNCHANGED	UNCHANGED_FROM_I0_BASELINE	no	no
plugins/pstack/skills/why/references/source-playbook.md	3cfb0245d5b2019eeeaa7a0e023579d390f2cdcdff6942d2fe009b9efac0eb11	3cfb0245d5b2019eeeaa7a0e023579d390f2cdcdff6942d2fe009b9efac0eb11	3cfb0245d5b2019eeeaa7a0e023579d390f2cdcdff6942d2fe009b9efac0eb11	3cfb0245d5b2019eeeaa7a0e023579d390f2cdcdff6942d2fe009b9efac0eb11	I0_UNCHANGED	UNCHANGED_FROM_I0_BASELINE	no	no
plugins/pstack/skills/why/references/sources/code-archaeology.md	8c14aa382f0de40829b2668d43e3f54814480bb93a486c9282ada4003f6b9dbd	8c14aa382f0de40829b2668d43e3f54814480bb93a486c9282ada4003f6b9dbd	8c14aa382f0de40829b2668d43e3f54814480bb93a486c9282ada4003f6b9dbd	8c14aa382f0de40829b2668d43e3f54814480bb93a486c9282ada4003f6b9dbd	I0_UNCHANGED	UNCHANGED_FROM_I0_BASELINE	no	no
plugins/pstack/skills/why/references/sources/databricks.md	70d327da6c373d54e0197333bc16c37a4099e710c695eebd621a67e55d942ec8	70d327da6c373d54e0197333bc16c37a4099e710c695eebd621a67e55d942ec8	70d327da6c373d54e0197333bc16c37a4099e710c695eebd621a67e55d942ec8	70d327da6c373d54e0197333bc16c37a4099e710c695eebd621a67e55d942ec8	I0_UNCHANGED	UNCHANGED_FROM_I0_BASELINE	no	no
plugins/pstack/skills/why/references/sources/datadog.md	db80803f1635a5015e3190f4753c4228083e6cebf222c84e24fc3c3919aa5574	db80803f1635a5015e3190f4753c4228083e6cebf222c84e24fc3c3919aa5574	db80803f1635a5015e3190f4753c4228083e6cebf222c84e24fc3c3919aa5574	db80803f1635a5015e3190f4753c4228083e6cebf222c84e24fc3c3919aa5574	I0_UNCHANGED	UNCHANGED_FROM_I0_BASELINE	no	no
plugins/pstack/skills/why/references/sources/incident-postmortem.md	486132457d3782eea64292ce7a2d3bbe3b24b372b20ca00de4329e820f74cd42	486132457d3782eea64292ce7a2d3bbe3b24b372b20ca00de4329e820f74cd42	486132457d3782eea64292ce7a2d3bbe3b24b372b20ca00de4329e820f74cd42	486132457d3782eea64292ce7a2d3bbe3b24b372b20ca00de4329e820f74cd42	I0_UNCHANGED	UNCHANGED_FROM_I0_BASELINE	no	no
plugins/pstack/skills/why/references/sources/linear.md	7e1b72ba459089168efd701502f8c268d2481154aeeda1ddd84f840f7e974760	7e1b72ba459089168efd701502f8c268d2481154aeeda1ddd84f840f7e974760	7e1b72ba459089168efd701502f8c268d2481154aeeda1ddd84f840f7e974760	7e1b72ba459089168efd701502f8c268d2481154aeeda1ddd84f840f7e974760	I0_UNCHANGED	UNCHANGED_FROM_I0_BASELINE	no	no
plugins/pstack/skills/why/references/sources/notion.md	2ce336dd3052967187a56ec33d308c7a69e7ef3b04ba7b17386a8b3914a0f000	2ce336dd3052967187a56ec33d308c7a69e7ef3b04ba7b17386a8b3914a0f000	2ce336dd3052967187a56ec33d308c7a69e7ef3b04ba7b17386a8b3914a0f000	2ce336dd3052967187a56ec33d308c7a69e7ef3b04ba7b17386a8b3914a0f000	I0_UNCHANGED	UNCHANGED_FROM_I0_BASELINE	no	no
plugins/pstack/skills/why/references/sources/sentry.md	0eef902cb0f835f7fa9bd85a8e19ba1505d05e59a0173dfe852d8d52d828266d	0eef902cb0f835f7fa9bd85a8e19ba1505d05e59a0173dfe852d8d52d828266d	0eef902cb0f835f7fa9bd85a8e19ba1505d05e59a0173dfe852d8d52d828266d	0eef902cb0f835f7fa9bd85a8e19ba1505d05e59a0173dfe852d8d52d828266d	I0_UNCHANGED	UNCHANGED_FROM_I0_BASELINE	no	no
plugins/pstack/skills/why/references/sources/slack.md	60e4c8dbb941f563c86aec7267cde66443b1dc651422569c8d112bc9da7551f6	60e4c8dbb941f563c86aec7267cde66443b1dc651422569c8d112bc9da7551f6	60e4c8dbb941f563c86aec7267cde66443b1dc651422569c8d112bc9da7551f6	60e4c8dbb941f563c86aec7267cde66443b1dc651422569c8d112bc9da7551f6	I0_UNCHANGED	UNCHANGED_FROM_I0_BASELINE	no	no
plugins/pstack/skills/why/references/synthesizer-prompt.md	2608237757de57e8f2cb0efc67da1c68e99e53a929928f1744c1acc47576a1c8	2608237757de57e8f2cb0efc67da1c68e99e53a929928f1744c1acc47576a1c8	2608237757de57e8f2cb0efc67da1c68e99e53a929928f1744c1acc47576a1c8	2608237757de57e8f2cb0efc67da1c68e99e53a929928f1744c1acc47576a1c8	I0_UNCHANGED	UNCHANGED_FROM_I0_BASELINE	no	no
scripts/build.ps1	98191d5a465610cf8d0e064d18c9284703188bc88cfca997d626e27d5a0929f0	b7906a37468c6a8fa0c965f3da93238f0009983ed79633d77d988499b2ea2662	b7906a37468c6a8fa0c965f3da93238f0009983ed79633d77d988499b2ea2662	b7906a37468c6a8fa0c965f3da93238f0009983ed79633d77d988499b2ea2662	APPLIED_SOURCE_EXACT	SOURCE_EXACT_UNCHANGED_AFTER_I1	yes	yes
scripts/verify-batch.ps1	3c4128c8c510be2974aeb7497bb58ca02acd8cacb3e01519642d24adbfcb548f	eb74b9055c8ef2364bc2cc1a4a3c291b253f1e8513bed367d9ba227df9ba2f36	eb74b9055c8ef2364bc2cc1a4a3c291b253f1e8513bed367d9ba227df9ba2f36	eb74b9055c8ef2364bc2cc1a4a3c291b253f1e8513bed367d9ba227df9ba2f36	APPLIED_SOURCE_EXACT	SOURCE_EXACT_UNCHANGED_AFTER_I1	yes	yes
web/index.html	201b7e4e101c0179a292002d0d8d7dac9891033a134fa7c3cf796ebcf0bfdd95	201b7e4e101c0179a292002d0d8d7dac9891033a134fa7c3cf796ebcf0bfdd95	201b7e4e101c0179a292002d0d8d7dac9891033a134fa7c3cf796ebcf0bfdd95	201b7e4e101c0179a292002d0d8d7dac9891033a134fa7c3cf796ebcf0bfdd95	I0_UNCHANGED	UNCHANGED_FROM_I0_BASELINE	no	no
web/package-lock.json	0de7f257445b9dbd21716ee05f886489181b9d56c073f55fb288c037f43ecb6b	0de7f257445b9dbd21716ee05f886489181b9d56c073f55fb288c037f43ecb6b	0de7f257445b9dbd21716ee05f886489181b9d56c073f55fb288c037f43ecb6b	0de7f257445b9dbd21716ee05f886489181b9d56c073f55fb288c037f43ecb6b	I0_UNCHANGED	UNCHANGED_FROM_I0_BASELINE	no	no
web/package.json	b8a18f20febc991e51b2cb9a864a54fee3fd12704551107dca3f61bce759ee56	0a8a6f788ab20852219c500e902545c7551ca37fc760cf440c779b668361aee5	0a8a6f788ab20852219c500e902545c7551ca37fc760cf440c779b668361aee5	0a8a6f788ab20852219c500e902545c7551ca37fc760cf440c779b668361aee5	APPLIED_SOURCE_EXACT	SOURCE_EXACT_UNCHANGED_AFTER_I1	yes	yes
web/src/AuthEntry.tsx	e21db9bf31befffb13eff84eaa090f083dd4e24fb17cda6ffb7c8f409b4a1c87	f33ddd8d2f88c276a1a6076b3e2c2b204608292ee4efb3de2d41364309aa1dd2	f33ddd8d2f88c276a1a6076b3e2c2b204608292ee4efb3de2d41364309aa1dd2	f33ddd8d2f88c276a1a6076b3e2c2b204608292ee4efb3de2d41364309aa1dd2	APPLIED_SOURCE_EXACT	SOURCE_EXACT_UNCHANGED_AFTER_I1	yes	yes
web/src/AuthResult.tsx	dfb1245fbdea2e8aaca30bd4a2ff1ab663542c220cbc6557864155360df652a2	a95e6ac814f07060bc38f05224584f8a7a99924408028498d8a6b93f70a37ffc	a95e6ac814f07060bc38f05224584f8a7a99924408028498d8a6b93f70a37ffc	a95e6ac814f07060bc38f05224584f8a7a99924408028498d8a6b93f70a37ffc	APPLIED_SOURCE_EXACT	SOURCE_EXACT_UNCHANGED_AFTER_I1	yes	yes
web/src/ConfigurationFields.tsx	ABSENT	089dd1dd902b545fd60d1fa05b8ed0f183ceb0196ae62b59f2563790070f2134	089dd1dd902b545fd60d1fa05b8ed0f183ceb0196ae62b59f2563790070f2134	089dd1dd902b545fd60d1fa05b8ed0f183ceb0196ae62b59f2563790070f2134	APPLIED_SOURCE_EXACT	SOURCE_EXACT_UNCHANGED_AFTER_I1	yes	yes
web/src/CreateProjectPage.tsx	ABSENT	9cc5d35da36ca09ee8e7eb9048bf3329f9a37c440ec136ffe7b58116725a0d8f	9cc5d35da36ca09ee8e7eb9048bf3329f9a37c440ec136ffe7b58116725a0d8f	2431ed534e70ff688473011b4655466a6f52fde61433a3134d2e92a559fb64db	APPLIED_SOURCE_EXACT	ASTRA_APPROVED_I2_CREATE_OPERATION_LOCK	yes	yes
web/src/ProjectOperationPage.tsx	ABSENT	fc44cd01da3db355605e93a6a3a80a7164134bde1cfa80bfa78f81520adef6c2	fc44cd01da3db355605e93a6a3a80a7164134bde1cfa80bfa78f81520adef6c2	fc44cd01da3db355605e93a6a3a80a7164134bde1cfa80bfa78f81520adef6c2	APPLIED_SOURCE_EXACT	SOURCE_EXACT_UNCHANGED_AFTER_I1	yes	yes
web/src/ProjectOperationResult.tsx	ABSENT	7fd334d24493eaa9e12e2a7724cbfc08e7f4bb30e95f537ef5c7d001a86c0bc4	7fd334d24493eaa9e12e2a7724cbfc08e7f4bb30e95f537ef5c7d001a86c0bc4	7fd334d24493eaa9e12e2a7724cbfc08e7f4bb30e95f537ef5c7d001a86c0bc4	APPLIED_SOURCE_EXACT	SOURCE_EXACT_UNCHANGED_AFTER_I1	yes	yes
web/src/ProjectPage.tsx	ABSENT	fef95e0b14c90ddd3b928bae93d202ca0782f4564f1c152fd608fe3227402e6d	fef95e0b14c90ddd3b928bae93d202ca0782f4564f1c152fd608fe3227402e6d	fe25b3b4088a540b84dd20a3a7172858472c724f73fa4d2e06ff814974abce9b	APPLIED_SOURCE_EXACT	ASTRA_APPROVED_I2_RESOURCE_NOT_FOUND_CLEAR	yes	yes
web/src/ProjectSettingsPage.tsx	ABSENT	252a521c97dad5ea060d1cd40096ede020bd03a7a2afd64b3d4f76e6188367a8	252a521c97dad5ea060d1cd40096ede020bd03a7a2afd64b3d4f76e6188367a8	9daff0d68a4e35448eb9612ede54df984e7472631a9e406084944165a78f773a	APPLIED_SOURCE_EXACT	ASTRA_APPROVED_I2_SETTINGS_LOCK_AND_CLEAR	yes	yes
web/src/ProjectShell.tsx	ABSENT	ac24a5fcd4f8335daa150d9c4a70aeeb3ab15308ea4906ed31925f74498793c9	ac24a5fcd4f8335daa150d9c4a70aeeb3ab15308ea4906ed31925f74498793c9	ac24a5fcd4f8335daa150d9c4a70aeeb3ab15308ea4906ed31925f74498793c9	APPLIED_SOURCE_EXACT	SOURCE_EXACT_UNCHANGED_AFTER_I1	yes	yes
web/src/ProjectsPage.tsx	ABSENT	e379f7596bf2d92f4fbad2ebdd4ea9d810b062d802f117f838e14ea2991cd4da	e379f7596bf2d92f4fbad2ebdd4ea9d810b062d802f117f838e14ea2991cd4da	e379f7596bf2d92f4fbad2ebdd4ea9d810b062d802f117f838e14ea2991cd4da	APPLIED_SOURCE_EXACT	SOURCE_EXACT_UNCHANGED_AFTER_I1	yes	yes
web/src/RepositoryHome.tsx	8989b0899ae0e9fef862fa2aab60290b830c7ce44423f22dedf600ae9d5b1590	1bb19287364800147824e228e1a5d6e4afa5199d3c67e8c99f466e13be585d4e	1bb19287364800147824e228e1a5d6e4afa5199d3c67e8c99f466e13be585d4e	1bb19287364800147824e228e1a5d6e4afa5199d3c67e8c99f466e13be585d4e	APPLIED_SOURCE_EXACT	SOURCE_EXACT_UNCHANGED_AFTER_I1	yes	yes
web/src/RepositoryPicker.tsx	ABSENT	a45458c8c0298c0fa78516e2fa3c2912a1893287a8b671fd6bac4e6d5717e56f	a45458c8c0298c0fa78516e2fa3c2912a1893287a8b671fd6bac4e6d5717e56f	a45458c8c0298c0fa78516e2fa3c2912a1893287a8b671fd6bac4e6d5717e56f	APPLIED_SOURCE_EXACT	SOURCE_EXACT_UNCHANGED_AFTER_I1	yes	yes
web/src/api.test.mjs	77b3b2b928c75ad3e23763f00f877b4cf06b5afd08306fb1e780570ed8e9fc88	06edb894bbf6d75319c42631f036b91b42df7ee82ce95d8946a86e3123bd3617	06edb894bbf6d75319c42631f036b91b42df7ee82ce95d8946a86e3123bd3617	06edb894bbf6d75319c42631f036b91b42df7ee82ce95d8946a86e3123bd3617	APPLIED_SOURCE_EXACT	SOURCE_EXACT_UNCHANGED_AFTER_I1	yes	yes
web/src/api.ts	78861f6027dba02db2009673d625069da5665d147007086eebc7c751adc9f09f	422c3e3df974c16ce825236082770b91f862a962482dc597e6d724e0594bab63	422c3e3df974c16ce825236082770b91f862a962482dc597e6d724e0594bab63	422c3e3df974c16ce825236082770b91f862a962482dc597e6d724e0594bab63	APPLIED_SOURCE_EXACT	SOURCE_EXACT_UNCHANGED_AFTER_I1	yes	yes
web/src/main.tsx	5bcc1b22de7b72c13dff2f93808c98eb436ee400cf501a68066ec6e5e8daedfe	a3a13477481627e7161a1302478a31151995df05d3dea7bccf67fc4c785f330e	a3a13477481627e7161a1302478a31151995df05d3dea7bccf67fc4c785f330e	a3a13477481627e7161a1302478a31151995df05d3dea7bccf67fc4c785f330e	APPLIED_SOURCE_EXACT	SOURCE_EXACT_UNCHANGED_AFTER_I1	yes	yes
web/src/project.test.mjs	ABSENT	835d660679eee9e35e8a9615363ee853592ac5a2b08a546c47771476b8afc8de	835d660679eee9e35e8a9615363ee853592ac5a2b08a546c47771476b8afc8de	835d660679eee9e35e8a9615363ee853592ac5a2b08a546c47771476b8afc8de	APPLIED_SOURCE_EXACT	SOURCE_EXACT_UNCHANGED_AFTER_I1	yes	yes
web/src/projectApi.ts	ABSENT	0bba8b0c5bd0e3b4237153404cd89a9c888456a02c6ece88c7b640e8cc56898d	0bba8b0c5bd0e3b4237153404cd89a9c888456a02c6ece88c7b640e8cc56898d	0bba8b0c5bd0e3b4237153404cd89a9c888456a02c6ece88c7b640e8cc56898d	APPLIED_SOURCE_EXACT	SOURCE_EXACT_UNCHANGED_AFTER_I1	yes	yes
web/src/projectDrafts.ts	ABSENT	1866bd5a13421339b897bb9bf520c75f4179ee0baf1ded18c4fe3947fe71793f	1866bd5a13421339b897bb9bf520c75f4179ee0baf1ded18c4fe3947fe71793f	1866bd5a13421339b897bb9bf520c75f4179ee0baf1ded18c4fe3947fe71793f	APPLIED_SOURCE_EXACT	SOURCE_EXACT_UNCHANGED_AFTER_I1	yes	yes
web/src/projectPages.ts	ABSENT	16a7b855a990a0c24cb431eec73e2d7d20e4907618154eda0afa5c40667643e5	16a7b855a990a0c24cb431eec73e2d7d20e4907618154eda0afa5c40667643e5	16a7b855a990a0c24cb431eec73e2d7d20e4907618154eda0afa5c40667643e5	APPLIED_SOURCE_EXACT	SOURCE_EXACT_UNCHANGED_AFTER_I1	yes	yes
web/src/projectRecovery.ts	ABSENT	43232267bce8e57133bf986a4e43c4068bb239cc9d4c11bfa6608b6f356cdfa5	43232267bce8e57133bf986a4e43c4068bb239cc9d4c11bfa6608b6f356cdfa5	43232267bce8e57133bf986a4e43c4068bb239cc9d4c11bfa6608b6f356cdfa5	APPLIED_SOURCE_EXACT	SOURCE_EXACT_UNCHANGED_AFTER_I1	yes	yes
web/src/projectRequests.ts	ABSENT	141c9be47d80cf416a6813e17e07c08014319a049a0fb24ee9711810a570a30c	141c9be47d80cf416a6813e17e07c08014319a049a0fb24ee9711810a570a30c	141c9be47d80cf416a6813e17e07c08014319a049a0fb24ee9711810a570a30c	APPLIED_SOURCE_EXACT	SOURCE_EXACT_UNCHANGED_AFTER_I1	yes	yes
web/src/recovery.ts	aea778f5322a62429f2107509a46f76f7c942c5b8c5b9dead273b78fbe9cb5e5	33872298b0b64c67c6b1f15717ca3d7a23b6863f3bbbf4c65e27aff6f24af7f6	33872298b0b64c67c6b1f15717ca3d7a23b6863f3bbbf4c65e27aff6f24af7f6	33872298b0b64c67c6b1f15717ca3d7a23b6863f3bbbf4c65e27aff6f24af7f6	APPLIED_SOURCE_EXACT	SOURCE_EXACT_UNCHANGED_AFTER_I1	yes	yes
web/src/routes.ts	ABSENT	4282b2fa2611dfdf51fa646dc8d040040f5b2651a261ac57cf8ef42c1ddf8915	4282b2fa2611dfdf51fa646dc8d040040f5b2651a261ac57cf8ef42c1ddf8915	4282b2fa2611dfdf51fa646dc8d040040f5b2651a261ac57cf8ef42c1ddf8915	APPLIED_SOURCE_EXACT	SOURCE_EXACT_UNCHANGED_AFTER_I1	yes	yes
web/src/session.ts	0a14aad67fc5dadaa002ed80da4e24620a5f5a3aeb1d77007c689330b65beb94	20b3889412b331d475744852ea6d8b8524cae7008609c39201ba9a8c4d84b3bc	20b3889412b331d475744852ea6d8b8524cae7008609c39201ba9a8c4d84b3bc	20b3889412b331d475744852ea6d8b8524cae7008609c39201ba9a8c4d84b3bc	APPLIED_SOURCE_EXACT	SOURCE_EXACT_UNCHANGED_AFTER_I1	yes	yes
web/src/shared.tsx	60386e3f4c45a97b6a278e42b8d2d408032ca12bb5e05aebf5dfd12addc3beb6	60386e3f4c45a97b6a278e42b8d2d408032ca12bb5e05aebf5dfd12addc3beb6	60386e3f4c45a97b6a278e42b8d2d408032ca12bb5e05aebf5dfd12addc3beb6	60386e3f4c45a97b6a278e42b8d2d408032ca12bb5e05aebf5dfd12addc3beb6	I0_UNCHANGED	UNCHANGED_FROM_I0_BASELINE	no	no
web/src/style.css	d2f078d976600a196cc3b9687de66ad96d006499a56f333a00ef710463f986c0	305ed0ae236d628f5511e44efa53c09770bcde96d3eddd04c715a3deb75b30e2	305ed0ae236d628f5511e44efa53c09770bcde96d3eddd04c715a3deb75b30e2	305ed0ae236d628f5511e44efa53c09770bcde96d3eddd04c715a3deb75b30e2	APPLIED_SOURCE_EXACT	SOURCE_EXACT_UNCHANGED_AFTER_I1	yes	yes
web/src/test-loader.mjs	ABSENT	2b9737cbdbd2be95857c18d3598624ebaff7faec002c38deab1ad8106a749071	2b9737cbdbd2be95857c18d3598624ebaff7faec002c38deab1ad8106a749071	2b9737cbdbd2be95857c18d3598624ebaff7faec002c38deab1ad8106a749071	APPLIED_SOURCE_EXACT	SOURCE_EXACT_UNCHANGED_AFTER_I1	yes	yes
web/src/values.ts	ABSENT	325d3dcf77d993e16f8086f19d825d864711d81174903f7d8d2648d10cdbc8d2	325d3dcf77d993e16f8086f19d825d864711d81174903f7d8d2648d10cdbc8d2	325d3dcf77d993e16f8086f19d825d864711d81174903f7d8d2648d10cdbc8d2	APPLIED_SOURCE_EXACT	SOURCE_EXACT_UNCHANGED_AFTER_I1	yes	yes
web/tsconfig.json	52f732b9d4477f86924224cfb3d0d8104d5cefd9b10fbd49bda0300b13820b8a	52f732b9d4477f86924224cfb3d0d8104d5cefd9b10fbd49bda0300b13820b8a	52f732b9d4477f86924224cfb3d0d8104d5cefd9b10fbd49bda0300b13820b8a	52f732b9d4477f86924224cfb3d0d8104d5cefd9b10fbd49bda0300b13820b8a	I0_UNCHANGED	UNCHANGED_FROM_I0_BASELINE	no	no
web/vite.config.ts	af7efa1fed719081032675e8f21d2e53599fa3113b50923b858d52dcfd2e6b98	af7efa1fed719081032675e8f21d2e53599fa3113b50923b858d52dcfd2e6b98	af7efa1fed719081032675e8f21d2e53599fa3113b50923b858d52dcfd2e6b98	af7efa1fed719081032675e8f21d2e53599fa3113b50923b858d52dcfd2e6b98	I0_UNCHANGED	UNCHANGED_FROM_I0_BASELINE	no	no
